Date,Time,URL
01,7:30PM,https://secure.lovetheatre.com/book/1H2AJ-the-producers/#perf=1H2AJ-3&date=2025-09-01&time=7.30PM
02,7:30PM,https://secure.lovetheatre.com/book/1H2AJ-the-producers/#perf=1H2AJ-4&date=2025-09-02&time=7.30PM
03,2:30PM,https://secure.lovetheatre.com/book/1H2AJ-the-producers/#perf=1H2AJ-5&date=2025-09-03&time=2.30PM
03,7:30PM,https://secure.lovetheatre.com/book/1H2AJ-the-producers/#perf=1H2AJ-6&date=2025-09-03&time=7.30PM
04,7:30PM,https://secure.lovetheatre.com/book/1H2AJ-the-producers/#perf=1H2AJ-7&date=2025-09-04&time=7.30PM
05,7:30PM,https://secure.lovetheatre.com/book/1H2AJ-the-producers/#perf=1H2AJ-8&date=2025-09-05&time=7.30PM
06,2:30PM,https://secure.lovetheatre.com/book/1H2AJ-the-producers/#perf=1H2AJ-9&date=2025-09-06&time=2.30PM
06,7:30PM,https://secure.lovetheatre.com/book/1H2AJ-the-producers/#perf=1H2AJ-A&date=2025-09-06&time=7.30PM
08,7:30PM,https://secure.lovetheatre.com/book/1H2AJ-the-producers/#perf=1H2AJ-B&date=2025-09-08&time=7.30PM
09,7:30PM,https://secure.lovetheatre.com/book/1H2AJ-the-producers/#perf=1H2AJ-C&date=2025-09-09&time=7.30PM
10,2:30PM,https://secure.lovetheatre.com/book/1H2AJ-the-producers/#perf=1H2AJ-D&date=2025-09-10&time=2.30PM
10,7:30PM,https://secure.lovetheatre.com/book/1H2AJ-the-producers/#perf=1H2AJ-E&date=2025-09-10&time=7.30PM
11,7:30PM,https://secure.lovetheatre.com/book/1H2AJ-the-producers/#perf=1H2AJ-F&date=2025-09-11&time=7.30PM
12,7:30PM,https://secure.lovetheatre.com/book/1H2AJ-the-producers/#perf=1H2AJ-G&date=2025-09-12&time=7.30PM
13,2:30PM,https://secure.lovetheatre.com/book/1H2AJ-the-producers/#perf=1H2AJ-H&date=2025-09-13&time=2.30PM
13,7:30PM,https://secure.lovetheatre.com/book/1H2AJ-the-producers/#perf=1H2AJ-I&date=2025-09-13&time=7.30PM
16,7:00PM,https://secure.lovetheatre.com/book/1H2AJ-the-producers/#perf=1H2AJ-K&date=2025-09-16&time=7.00PM
17,7:30PM,https://secure.lovetheatre.com/book/1H2AJ-the-producers/#perf=1H2AJ-L&date=2025-09-17&time=7.30PM
18,2:30PM,https://secure.lovetheatre.com/book/1H2AJ-the-producers/#perf=1H2AJ-M&date=2025-09-18&time=2.30PM
18,7:30PM,https://secure.lovetheatre.com/book/1H2AJ-the-producers/#perf=1H2AJ-N&date=2025-09-18&time=7.30PM
19,7:30PM,https://secure.lovetheatre.com/book/1H2AJ-the-producers/#perf=1H2AJ-O&date=2025-09-19&time=7.30PM
20,2:30PM,https://secure.lovetheatre.com/book/1H2AJ-the-producers/#perf=1H2AJ-P&date=2025-09-20&time=2.30PM
20,7:30PM,https://secure.lovetheatre.com/book/1H2AJ-the-producers/#perf=1H2AJ-Q&date=2025-09-20&time=7.30PM
23,7:00PM,https://secure.lovetheatre.com/book/1H2AJ-the-producers/#perf=1H2AJ-R&date=2025-09-23&time=7.00PM
24,2:30PM,https://secure.lovetheatre.com/book/1H2AJ-the-producers/#perf=1H2AJ-S&date=2025-09-24&time=2.30PM
24,7:30PM,https://secure.lovetheatre.com/book/1H2AJ-the-producers/#perf=1H2AJ-T&date=2025-09-24&time=7.30PM
25,2:30PM,https://secure.lovetheatre.com/book/1H2AJ-the-producers/#perf=1H2AJ-U&date=2025-09-25&time=2.30PM
25,7:30PM,https://secure.lovetheatre.com/book/1H2AJ-the-producers/#perf=1H2AJ-V&date=2025-09-25&time=7.30PM
26,7:30PM,https://secure.lovetheatre.com/book/1H2AJ-the-producers/#perf=1H2AJ-W&date=2025-09-26&time=7.30PM
27,2:30PM,https://secure.lovetheatre.com/book/1H2AJ-the-producers/#perf=1H2AJ-X&date=2025-09-27&time=2.30PM
27,7:30PM,https://secure.lovetheatre.com/book/1H2AJ-the-producers/#perf=1H2AJ-Y&date=2025-09-27&time=7.30PM
29,7:00PM,https://secure.lovetheatre.com/book/1H2AJ-the-producers/#perf=1H2AJ-Z&date=2025-09-29&time=7.00PM
30,7:00PM,https://secure.lovetheatre.com/book/1H2AJ-the-producers/#perf=1H2AJ-10&date=2025-09-30&time=7.00PM
