Title,web_Link,Director,Composer/Lyricist,Playwright,Rights Holder,Preview Date,Opening Date,Closing Date,Scraped Date
Moulin Rouge! The Musical,https://www.ibdb.com/broadway-production/moulin-rouge-the-musical-520640,Alex Timbers,Justin Levine,John Logan,"Carmen Pavlovic,Gerry Ryan,Global Creatures,Bill Damaschke,Aaron Lustbader,Hunter Arnold,Darren Bagert,Erica Lynn Schwartz/Matt Picheny/Stephanie Rosenberg,Adam Blanshay Productions/Nicolas & Charles Talar,Iris Smith,Aleri Entertainment,CJ ENM,Sophie Qi/Harmonia Holdings,Baz & Co./Len Blavatnik,AF Creative Media/International Theatre Fund,Endeavor Content,Tom & Pam Faludy,Gilad-Rogowsky/InStone Productions,John Gore Organization,Mehr-BB Entertainment GmbH,Spencer Ross,Nederlander Presentations/IPN,Eric Falkenstein/Suzanne Grant,Jennifer Fischer,Peter May/Sandy Robertson,Triptyk Studios,Carl Daikeler/Sandi Moran,DeSantis-Baugh Productions,Red Mountain Theatre Company / 42nd.club,Candy Spelling/Tulchin Bartner,Roy FurmanandJujamcyn Theaters","Jun 28, 2019","Jul 25, 2019",Present,2025-06-23
Kinky Boots,https://www.ibdb.com/broadway-production/kinky-boots-493287,Jerry Mitchell,Cyndi Lauper,Harvey Fierstein,"Daryl Roth,Hal Luftig,James L. Nederlander,Terry Allen Kramer,Independent Presenters Network,CJ E&M,Jayne Baron Sherman,Just For Laughs Theatricals / Judith Ann Abrams,Yasuhiro Kawana,Jane Bergère,Allan S. Gordon / Adam S. Gordon,Ken Davenport,Hunter Arnold,Lucy & Phil Suarez,Bryan Bantry,Ron Fierstein & Dorsey Regal,Jim Kierstead / Gregory Rae,BB Group / Christina Papagjika,Michael DeSantis/Patrick Baugh,Brian Smith / Tom & Connie Walsh,Warren TreppandJujamcyn Theaters","Mar 03, 2013","Apr 04, 2013","Apr 07, 2019",2025-06-23
Elf,https://www.ibdb.com/broadway-production/elf-493278,Casey Nicholaw,Chad Beguelin,Thomas MeehanandBob Martin,"Warner Bros. Theatre Ventures, Inc.","Nov 09, 2012","Nov 09, 2012","Jan 06, 2013",2025-06-23
Fela!,https://www.ibdb.com/broadway-production/fela-493032,Bill T. Jones,Fela Anikulapo-Kuti,Bill T. JonesandJim Lewis,"Shawn ""Jay-Z"" Carter,Will & Jada Pinkett Smith,Ruth and Stephen Hendel,The Royal National Theatre (Nicholas Hytner, Director),Ahmir ""Questlove"" Thompson,Sony Pictures Entertainment,Fela LLC,Roy Gabay,Edward Tyler Nahem,Slava Smolokowski,Ken Greiner & Chip Meyrelles,Douglas G. Smith,Steve Semlitz / Cathy Glaser,Daryl Roth / True Love Productions,Susan Dietz / M. Swinsky / J. DeitchandKnitting Factory Entertainment","Jul 09, 2012","Jul 12, 2012","Aug 04, 2012",2025-06-23
How to Succeed in Business Without Really Trying,https://www.ibdb.com/broadway-production/how-to-succeed-in-business-without-really-trying-488364,,,,,,,,2025-06-23
Elf,https://www.ibdb.com/broadway-production/elf-488284,Casey Nicholaw,Chad Beguelin,Thomas MeehanandBob Martin,"Warner Bros. Theatre Ventures, Inc.","Nov 02, 2010","Nov 14, 2010","Jan 02, 2011",2025-06-23
Hair,https://www.ibdb.com/broadway-production/hair-481766,Diane Paulus,Gerome RagniandJames Rado,Gerome RagniandJames Rado,The Joseph Papp Public Theater / New York Shakespeare Festival (Oskar Eustis: Artistic Director,"Mar 06, 2009","Mar 31, 2009","Jun 27, 2010",2025-06-23
A Tale of Two Cities,https://www.ibdb.com/broadway-production/a-tale-of-two-cities-478295,Warren Carlyle,Jill Santoriello,Jill Santoriello,"Barbra Russell,Ron Sharpe,Bernard Brogan,Sharon A. Fordham,Theater Associates-David Sonnenberg / Rami Evar,The Monagle Group,Joseph J. Grano,Fanok Entertainment,Mary Laminack,Nancy Audet,Paul Audet,Jim Barry,Gasperino Entertainment,Vincent Russell,William BroderickandAlex Santoriello","Aug 19, 2008","Sep 18, 2008","Nov 09, 2008",2025-06-23
Curtains,https://www.ibdb.com/broadway-production/curtains-453332,Scott Ellis,Fred Ebb,Rupert Holmes,"Roger Berlind,Roger Horchow,Daryl Roth,Jane Bergère,Ted HartleyandCenter Theatre Group (Michael Ritchie, Artistic Director","Feb 27, 2007","Mar 22, 2007","Jun 29, 2008",2025-06-23
The Wedding Singer,https://www.ibdb.com/broadway-production/the-wedding-singer-402890,John Rando,Chad Beguelin,Chad BeguelinandTim Herlihy,"Margo Lion,New Line Cinema,The Araca Group,Roy Furman,Douglas L. Meyer,James D. Stern Productions,Rick Steiner,Osher / Staton / Bell / Mayerson GroupandJam Theatricals","Mar 30, 2006","Apr 27, 2006","Dec 31, 2006",2025-06-23
Sweet Charity,https://www.ibdb.com/broadway-production/sweet-charity-378059,Walter Bobbie,Dorothy Fields,Neil Simon,Barry & Fran WeisslerandClear Channel Entertainment,"Apr 11, 2005","May 04, 2005","Dec 31, 2005",2025-06-23
Wonderful Town,https://www.ibdb.com/broadway-production/wonderful-town-13560,Kathleen Marshall,Betty ComdenandAdolph Green,Joseph FieldsandJerome Chodorov,Roger BerlindandBarry & Fran Weissler,"Nov 05, 2003","Nov 23, 2003","Jan 30, 2005",2025-06-23
Man of La Mancha,https://www.ibdb.com/broadway-production/man-of-la-mancha-13422,Jonathan Kent,Joe Darion,Dale Wasserman,"David Stone,Jon B. Platt,Susan Quint Gallin,Sandy Gallin,Seth M. SiegelandUSA OSTAR Theatricals","Nov 23, 2002","Dec 05, 2002","Aug 31, 2003",2025-06-23
Chicago,https://www.ibdb.com/broadway-production/chicago-4804,Walter Bobbie,Fred Ebb,Fred EbbandBob Fosse,Barry & Fran Weissler,"Oct 23, 1996","Nov 14, 1996",Present,2025-06-23
Topdog / Underdog,https://www.ibdb.com/broadway-production/topdog--underdog-13325,George C. Wolfe,,Suzan-Lori Parks,"Carole Shorenstein Hays,Waxman / Williams Entertainment,Bob Boyett,Freddy DeMann,Susan Dietz,Ina Lea Meibach,Scott NederlanderandIra Pittelman","Mar 12, 2002","Apr 07, 2002","Aug 11, 2002",2025-06-23
Hedda Gabler,https://www.ibdb.com/broadway-production/hedda-gabler-12937,Nicholas Martin,,Henrik Ibsen,"Randall L. Wreghitt,Harriet Newman Leve,Gallin ProductionsandUSA OSTAR Theatricals","Sep 19, 2001","Oct 04, 2001","Jan 13, 2002",2025-06-23
A Class Act,https://www.ibdb.com/broadway-production/a-class-act-12818,Lonny Price,Edward Kleban,Linda KlineandLonny Price,"Marty Bell,Chase Mishkin,Arielle TepperandManhattan Theatre Club (Lynne Meadow, Artistic Director","Feb 14, 2001","Mar 11, 2001","Jun 10, 2001",2025-06-23
The Ride Down Mt. Morgan,https://www.ibdb.com/broadway-production/the-ride-down-mt-morgan-12490,David Esbjornson,,Arthur Miller,"The Shubert Organization,Scott Rudin,Roger Berlind,Spring SirkinandABC, Inc.","Mar 21, 2000","Apr 09, 2000","Jul 23, 2000",2025-06-23
It Ain't Nothin' But the Blues,https://www.ibdb.com/broadway-production/it-aint-nothin-but-the-blues-8379,Randal Myler,,"Charles Bevel,Lita Gaithers,Randal Myler,Ron TaylorandDan Wheetman","Eric Krebs,Jonathan Reinis,Lawrence Horowitz,Anita Waxman,Elizabeth Williams,CTM Productions (David Jiranek, David Weil, Cricket Hooper)andAnne Strickland Squadron","Apr 22, 1999","Apr 26, 1999","Jan 09, 2000",2025-06-23
"You're a Good Man, Charlie Brown",https://www.ibdb.com/broadway-production/youre-a-good-man-charlie-brown-5211,Michael Mayer,Clark Gesner,Clark Gesner,"Michael Leavitt,Fox Theatricals,Jerry Frankel,Arthur WhitelawandGene Persson","Jan 23, 1999","Feb 04, 1999","Jun 13, 1999",2025-06-23
"Bring in 'Da Noise, Bring in 'Da Funk",https://www.ibdb.com/broadway-production/bring-in-da-noise-bring-in-da-funk-4789,George C. Wolfe,"Reg E. Gaines,George C. WolfeandAnn Duquesnay",Reg E. Gaines,The Joseph Papp Public Theater / New York Shakespeare Festival (George C. Wolfe: Producer,"Apr 09, 1996","Apr 25, 1996","Jan 10, 1999",2025-06-23
Fool Moon,https://www.ibdb.com/broadway-production/fool-moon-4311,,,,"Pachyderm Entertainment (Kenneth Feld, James B. Freydberg, Dori Berinstein)","Oct 21, 1995","Oct 29, 1995","Jan 07, 1996",2025-06-23
Buttons On Broadway,https://www.ibdb.com/broadway-production/buttons-on-broadway-4301,,,,Don Gregory,"Jun 05, 1995","Jun 08, 1995","Jul 16, 1995",2025-06-23
The Circle,https://www.ibdb.com/broadway-production/the-circle-4257,Brian Murray,,W. Somerset Maugham,"Elliot Martin,The Shubert OrganizationandSuntory International Corporation","Nov 14, 1989","Nov 20, 1989","May 20, 1990",2025-06-23
Ain't Misbehavin',https://www.ibdb.com/broadway-production/aint-misbehavin-12583,"Richard Maltby, Jr.","Thomas ""Fats"" Waller",,"The Shubert Organization,Emanuel Azenberg,Dasha EpsteinandRoger Berlind","Aug 09, 1988","Aug 15, 1988","Jan 15, 1989",2025-06-23
Oba Oba,https://www.ibdb.com/broadway-production/oba-oba-4500,,,,Franco FontanaandDino Cuzzoni,"Mar 15, 1988","Mar 29, 1988","May 08, 1988",2025-06-23
Dreamgirls,https://www.ibdb.com/broadway-production/dreamgirls-4474,Michael Bennett,Tom Eyen,Tom Eyen,Marvin A. KraussandIrving Siders,"Jun 22, 1987","Jun 28, 1987","Nov 29, 1987",2025-06-23
Barbara Cook: A Concert for the Theatre,https://www.ibdb.com/broadway-production/barbara-cook-a-concert-for-the-theatre-4454,,,,"Jerry Kravat,The Shubert OrganizationandEmanuel Azenberg","Apr 02, 1987","Apr 15, 1987","Apr 26, 1987",2025-06-23
Leader of the Pack,https://www.ibdb.com/broadway-production/leader-of-the-pack-4367,Michael Peters,Ellie Greenwich,,"Elizabeth I. McCann,Nelle Nugent,Francine LeFrak,Clive Davis,John Hart Associates, Inc.,Roger H. HessandRichard M. Kagan","Feb 21, 1985","Apr 08, 1985","Jul 21, 1985",2025-06-23
A View From the Bridge,https://www.ibdb.com/broadway-production/a-view-from-the-bridge-4205,Arvin Brown,,Arthur Miller,Zev BufmanandSidney Shlenker,"Jan 27, 1983","Feb 03, 1983","Jun 12, 1983",2025-06-23
Herman Van Veen: All of Him,https://www.ibdb.com/broadway-production/herman-van-veen-all-of-him-4195,Michel La Faille,Christopher Adler,,"Joost Taverne,Michael FrazierandRon Van Eeden","Dec 07, 1982","Dec 08, 1982","Dec 12, 1982",2025-06-23
Dancin',https://www.ibdb.com/broadway-production/dancin-4051,Bob Fosse,Ralph Burns,,"Jules Fisher,The Shubert OrganizationandColumbia Pictures","Mar 16, 1978","Mar 27, 1978","Jun 27, 1982",2025-06-23
Division Street,https://www.ibdb.com/broadway-production/division-street-3969,Tom Moore,,Steve Tesich,"Emanuel Azenberg,The Shubert Organization,Center Theatre Group / Mark Taper Forum (Gordon Davidson, Artistic Director)andGordon Davidson","Sep 20, 1980","Oct 08, 1980","Oct 25, 1980",2025-06-23
Your Arms Too Short to Box With God,https://www.ibdb.com/broadway-production/your-arms-too-short-to-box-with-god-3958,,Alex Bradford,,Tom Mallow,"May 30, 1980","Jun 02, 1980","Oct 12, 1980",2025-06-23
Cabaret,https://www.ibdb.com/broadway-production/cabaret-538277,Rebecca Frecknall,Fred Ebb,Joe Masteroff,"ATG Productions,Underbelly,Gavin Kalin Productions,Hunter Arnold,Smith & Brant TheatricalsandWessex Grove","Apr 01, 2024","Apr 21, 2024","Oct 19, 2025",2025-06-23
Funny Girl,https://www.ibdb.com/broadway-production/funny-girl-532545,Michael Mayer,Bob Merrill,Isobel Lennart,"Sonia Friedman Productions,Scott Landis,David Babani,Roy Furman,No Guarantees,Adam Blanshay Productions,Daryl Roth,Stephanie P. McClelland,Lang Entertainment Group,Playing Field,Gavin Kalin,Charles & Nicolas Talar,Fakston Productions,Sanford Robertson,Craig Balsam,Cue to Cue Productions,LeonoffFedermanWolofsky Productions,Judith Ann Abrams/Peter May,Hunter Arnold,Creative Partners Productions,Elizabeth Armstrong,Jane Bergère,Jean Doumanian,Larry Magid,Rosalind Productions, Inc.,Iris Smith,Kevin & Trudy Sullivan,Julie Boardman/Kate Cannova,Heni Koenigsberg/Michelle Riley,Mira Road Productions/Seaview,In Fine Company,Elie Landau,Brian Moreland,Henry R. Muñoz III & Kyle Ferari MuñozandMaggioAbrams/Brian & Dayna Lee","Mar 26, 2022","Apr 24, 2022","Sep 03, 2023",2025-06-23
Slave Play,https://www.ibdb.com/broadway-production/slave-play-532475,Robert O'Hara,Lindsay Jones,Jeremy O. Harris,"Seaview,Troy Carter,Level Forward,Nine Stories,Sing Out, Louise! Productions,Shooting Star Productions,Roth-Manella Productions,Carlin Katler Productions,Cohen Hopkins Productions,Thomas Laub,Blair Russell,WEB Productions,Salman Al-Rashid,Jeremy O. HarrisandNew York Theatre Workshop","Nov 23, 2021","Dec 02, 2021","Jan 23, 2022",2025-06-23
Pass Over,https://www.ibdb.com/broadway-production/pass-over-531737,Danya Taymor,,Antoinette Chinonye Nwandu,"Matt Ross,Jujamcyn Theaters,Lincoln Center Theater (André Bishop: Producing Artistic Director","Aug 04, 2021","Aug 22, 2021","Oct 10, 2021",2025-06-23
Mean Girls,https://www.ibdb.com/broadway-production/mean-girls-515822,Casey Nicholaw,Nell Benjamin,Tina Fey,"Lorne Michaels,Stuart Thompson,Sonia Friedman,Paramount Pictures,Marisa Sechrest,Ars Nova Entertainment,Berlind Productions,Steve Burke,Scott M. Delman,Roy Furman,Robert Greenblatt,Ruth Hendel,Jam Theatricals,The John Gore Organization,The Lowy Salpeter Company,James L. Nederlander,Christine SchwarzmanandUniversal Theatrical Group","Mar 12, 2018","Apr 08, 2018","Mar 11, 2020",2025-06-23
Home for the Holidays,https://www.ibdb.com/broadway-production/home-for-the-holidays-516420,,,,"Chart Breakers Live!,Michael J. GuccioneandJeffrey Chrzczon","Nov 17, 2017","Nov 21, 2017","Dec 30, 2017",2025-06-23
Groundhog Day,https://www.ibdb.com/broadway-production/groundhog-day-510225,Matthew Warchus,Tim Minchin,Danny Rubin,"Whistle Pig,Columbia Live Stage,The Dodgers,Michael Watt,The Araca Group,Len Blavatnik,Burnt Umber Productions,Michael Coppel,Ken Davenport,Stephen Found,Greenleaf Productions,David Harris,Independent Presenters Network,The John Gore Organization,Stephanie P. McClelland,Just For Laughs Theatricals / Glass Half Full Productions,Marion Alden Badway,Marriner Group,Tommy Mottola,Nederlander Presentations, Inc.,Daryl Roth,Sonia Friedman Productions,Theater Mogul,Tulbart,David Walsh,Tony & Maureen WheelerandJujamcyn Theaters","Mar 16, 2017","Apr 17, 2017","Sep 17, 2017",2025-06-23
Jersey Boys,https://www.ibdb.com/broadway-production/jersey-boys-394781,Des McAnuff,Bob Crewe,Marshall BrickmanandRick Elice,"Dodger Theatricals,Joseph J. Grano,Pelican GroupandTamara and Kevin Kinsella","Oct 04, 2005","Nov 06, 2005","Jan 15, 2017",2025-06-23
Maybe Happy Ending,https://www.ibdb.com/broadway-production/maybe-happy-ending-539781,Michael Arden,Will AronsonandHue Park,Will AronsonandHue Park,"Darren Criss,Dr. Pam Hurst-Della Pietra & Stephen Della Pietra,NHN Link Corporation,Greg & Lisa Love,Kayla Greenspan,Jayne Baron Sherman,Louise Gund,Spencer Ross,Yonge Street Theatricals,Ruth Hendel,Kaplan-Gopal-MMC,Adam Zotovich,At Rise Creative,Broadway Strategic Return Fund,Curt Cronin,Fahs Productions,Greg Field,Paul Gavriani / Michael Patrick,Rebecca Gold,Grace Street Creative Group,John Gore Organization,Willette & Manny Klausner,Kent Knudsen,James L. Nederlander,Salmira Productions,The Shubert Organization,Jacob Stuckelman & John Albert Harris,Wooran Foundation,You Should Smile More Productions,Mark and David Golub Productions,Diego Kolankowsky,Takonkiet Viravan,Brad Blume,Will Aronson & Hue Park,Hugo Six,Clarissa Cueva,Ali Daylami,Maia Kayla Glasman,Patrick W. JonesandBrandon J. Schwartz","Oct 16, 2024","Nov 12, 2024",Present,2025-06-23
Appropriate,https://www.ibdb.com/broadway-production/appropriate-537559,Lila Neugebauer,,Branden Jacobs-Jenkins,"Second Stage Theater (Carole Rothman, President and Artistic Director","Nov 29, 2023","Dec 18, 2023","Jun 30, 2024",2025-06-23
How to Dance in Ohio,https://www.ibdb.com/broadway-production/how-to-dance-in-ohio-537625,Sammi Cannold,Rebekah Greer Melocik,Rebekah Greer Melocik,"P3 Productions,Ben Holtzman,Sammy Lopez,Fiona Howe RudinandLevel Forward","Nov 15, 2023","Dec 10, 2023","Feb 11, 2024",2025-06-23
"Good Night, Oscar",https://www.ibdb.com/broadway-production/good-night-oscar-535325,Lisa Peterson,,Doug Wright,"Grove Entertainment,Barbara Whitman,Hazy Mills Productions,Yonge Street Theatricals,Frank Marshall,Rich Entertainment Group & Jeremiah J. Harris,Mary Lu Roffe,David Shapiro & Mark Losher,John H. Tyson,Patty Baker,Rodney Rigby,John Gore Organization,Kate Capshaw & Steven Spielberg,James L. Nederlander,Creative Partners Productions,Sharon Karmazin,The Forstalls,Jamie deRoy,David Barnett,Barbara Freitag,Universal Theatrical GroupandLeah Dagen & Jimmy Wilson","Apr 07, 2023","Apr 24, 2023","Aug 27, 2023",2025-06-23
Ain't No Mo',https://www.ibdb.com/broadway-production/aint-no-mo-535033,Stevie Walker-Webb,Sterling Overshown,Jordan E. Cooper,"Lee Daniels,BET: Black Entertainment Television,Len Blavatnik,Ron Burkle,Aryeh B. Bourkoff,59th & Prairie Entertainment,RuPaul Charles,I'll Have Another Productions,Jeremy O. Harris,Lena Waithe,Tucker Tooley Entertainment,CJ Uzomah,Ann Cox,Gina Purlia,Bob Yari,Marvin Peart,Colleen Camp,Marvet Britto,Jeremy Green,Sue Wagner,John Johnson,Jillian RobbinsandThe Public Theater (Oskar Eustis, Artistic Director","Nov 09, 2022","Dec 01, 2022","Dec 23, 2022",2025-06-23
Girl From The North Country,https://www.ibdb.com/broadway-production/girl-from-the-north-country-534369,Conor McPherson,Bob Dylan,Conor McPherson,Tristan BakerandCharlie Parsons,"Apr 29, 2022","Apr 29, 2022","Jun 19, 2022",2025-06-23
Girl From The North Country,https://www.ibdb.com/broadway-production/girl-from-the-north-country-522972,Conor McPherson,Bob Dylan,Conor McPherson,"Tristan Baker,Charlie Parsons,Runaway Entertainment,Steven Lappin,Sony Music Entertainment/Sony ATV,David Mirvish,Len Blavatnik,The Dodgers,Eric and Marsi Gardiner,Dianne Roberts,John Gore Organization,Nederlander Presentations, Inc.,Tommy Mottola,Independent Presenters Network,Rod Kaats,Diana DiMenna,MaryBeth O'Connor,Barbara H. Freitag,Patrick Catullo,The Old Vic (Matthew Warchus, Artistic Director","Feb 07, 2020","Mar 05, 2020","Jan 23, 2022",2025-06-23
Network,https://www.ibdb.com/broadway-production/network-519334,Ivo van Hove,Eric Sleichim,,"David Binder,The National Theatre,Patrick Myles,David Luff,Ros Povey,Lee Menzies,Annapurna Theatre,Blanshay-Yonover,CatWenJam Productions,Patrick Catullo,Delman-Whitney,Diana DiMenna,Falkenstein-Grant,Hagemann Rosenthal Associates,GHF Productions,The John Gore Organization,Harris Rubin Productions,Sharon Karmazin,Koenigsberg-Fan,Kors Le Pere Theatricals LLC,Alexander ""Sandy"" Marshall,Stephanie P. McClelland,David Mirvish,Moellenberg-Hornos,R.H.M.-Jonathan Reinis,Catherine Schreiber,Ken Schur,Jayne Baron Sherman,Cynthia Stroum,Tulchin Bartner Productions,Zeilinger ProductionsandThe Shubert Organization","Nov 10, 2018","Dec 06, 2018","Jun 08, 2019",2025-06-23
Gettin' The Band Back Together,https://www.ibdb.com/broadway-production/gettin-the-band-back-together-515587,John Rando,Mark Allen,The GrundleshotzandKen Davenport,"Ken Davenport,Hunter Arnold,Roy Putrino,Scott Abrams,Diego Kolankowsky,Rob Kolson,Sandi Moran,Carl Daikeler,Broadway Strategic Return Fund,Radical ARS Productions,H. Richard Hopper,Marie Barton Stevenson,Richard Roth,Brian Cromwell Smith,Marguerite Hoffman,NETworks Presentations,Gary Nelson,Darrell Hankey / Trevor Coats / Ladybug Productions,Jim Wagstaffe / Laura Z. Barket / Tamar Tolchin,WitzEnd Productions / David Bryant / Drowos Sunshine,Judith Manocherian / John McGrain / Steve Reynolds,The Harbert Family / Keith Cromwell / Red Mountain Theatre Company,Douglas K. Atamian / Rich Battista / Gitta Jacobs,Frederic J. Siegel / BF Investments / Sean Attebury,Dr. Mojgan Fajiram / Pourrat Monahemi / Grossman-Palamara ProductionsandThe Town of Sayreville, New Jersey","Jul 19, 2018","Aug 13, 2018","Sep 16, 2018",2025-06-23
Farinelli and the King,https://www.ibdb.com/broadway-production/farinelli-and-the-king-514892,John Dove,,Claire van Kampen,"Sonia Friedman Productions,Shakespeare's Globe,Paula Marie Black,Tom Smedes,Peter Stern,Jane Bergère,Jane Dubin / Rachel Weinstein,1001 Nights Productions,Elizabeth Cuthrell & Steven Tuttleman,Rupert Gavin,Robyn L. Paley,SGC USA,Tulchin Bartner Productions,Cindy & Jay Gutterman / Marc David Levine,Marguerite Hoffman / Van KaplanandShakespeare Road","Dec 05, 2017","Dec 17, 2017","Mar 25, 2018",2025-06-23
The Terms of My Surrender,https://www.ibdb.com/broadway-production/the-terms-of-my-surrender-514772,Michael Mayer,,Michael Moore,IMG Original ContentandCarole Shorenstein Hays,"Jul 28, 2017","Aug 10, 2017","Oct 22, 2017",2025-06-23
The Glass Menagerie,https://www.ibdb.com/broadway-production/the-glass-menagerie-508222,Sam Gold,,Tennessee Williams,"Scott Rudin,Lincoln Center Theater (André Bishop: Producing Artistic Director","Feb 07, 2017","Mar 09, 2017","May 21, 2017",2025-06-23
Blackbird,https://www.ibdb.com/broadway-production/blackbird-502795,Joe Mantello,,David Harrower,"Scott Rudin,Eli Bush,Roger Berlind,William Berlind,Scott M. Delman,Peter May,Jon B. Platt,Len Blavatnik,Tulchin Bartner Productions,Jay Alix & Una Jackman,Heni Koenigsberg,Stacey MindichandWendy Federman","Feb 05, 2016","Mar 10, 2016","Jun 11, 2016",2025-06-23
Hedwig and the Angry Inch,https://www.ibdb.com/broadway-production/hedwig-and-the-angry-inch-495294,Michael Mayer,Stephen Trask,John Cameron Mitchell,"David Binder,Jayne Baron Sherman,Barbara Whitman,Latitude Link,Patrick Catullo,Raise The Roof,Paula Marie Black,Colin Callender,Ruth Hendel,Sharon Karmazin,Martian Entertainment,Stacey Mindich,Eric SchnallandThe Shubert Organization","Mar 29, 2014","Apr 22, 2014","Sep 13, 2015",2025-06-23
Twelfth Night,https://www.ibdb.com/broadway-production/twelfth-night-494842,Tim Carroll,,William Shakespeare,"Sonia Friedman Productions,Scott Landis,Roger Berlind,Glass Half Full Productions / Just For Laughs Theatricals,1001 Nights Productions,Tulchin Bartner Productions,Jane Bergère,Paula Marie Black,Rupert Gavin,Stephanie P. McClelland,Shakespeare Globe Centre USA,Max Cooper,Tanya Link ProductionsandShakespeare Road","Oct 15, 2013","Nov 10, 2013","Feb 16, 2014",2025-06-23
Richard III,https://www.ibdb.com/broadway-production/richard-iii-494850,Tim Carroll,,William Shakespeare,"Sonia Friedman Productions,Scott Landis,Roger Berlind,Glass Half Full Productions / Just For Laughs Theatricals,1001 Nights Productions,Tulchin Bartner Productions,Jane Bergère,Paula Marie Black,Rupert Gavin,Stephanie P. McClelland,Shakespeare Globe Centre USA,Max Cooper,Tanya Link ProductionsandShakespeare Road","Oct 19, 2013","Nov 10, 2013","Feb 16, 2014",2025-06-23
Golden Boy,https://www.ibdb.com/broadway-production/golden-boy-493270,Bartlett Sher,,Clifford Odets,Lincoln Center Theater (André Bishop: Artistic Director,"Nov 09, 2012","Dec 06, 2012","Jan 20, 2013",2025-06-23
End of the Rainbow,https://www.ibdb.com/broadway-production/end-of-the-rainbow-491212,Terry Johnson,Chris Egan,Peter Quilter,"Lee Dean,Laurence Myers,Joey Parnes,Ellis Goodman,ShadowCatcher Entertainment / Alhadeff Productions,National Angels U.S. Inc.,Charles Diamond / Jenny Topper,Myla Lerner / Barbara & Buddy Freitag,Spring Sirkin / Candy Gold,Hilary A. Williams,S.D. WagnerandJohn Johnson","Mar 19, 2012","Apr 02, 2012","Aug 19, 2012",2025-06-23
Kathy Griffin Wants a Tony,https://www.ibdb.com/broadway-production/kathy-griffin-wants-a-tony-489723,,,,,"Mar 11, 2011","Mar 11, 2011","Mar 19, 2011",2025-06-23
Women on the Verge of a Nervous Breakdown,https://www.ibdb.com/broadway-production/women-on-the-verge-of-a-nervous-breakdown-488085,Bartlett Sher,David Yazbek,Jeffrey Lane,Lincoln Center Theater (André Bishop: Artistic Director,"Oct 08, 2010","Nov 04, 2010","Jan 02, 2011",2025-06-23
Joe Turner's Come and Gone,https://www.ibdb.com/broadway-production/joe-turners-come-and-gone-482347,Bartlett Sher,Taj Mahal,August Wilson,Lincoln Center Theater (André Bishop: Artistic Director,"Mar 19, 2009","Apr 16, 2009","Jun 14, 2009",2025-06-23
American Buffalo,https://www.ibdb.com/broadway-production/american-buffalo-480742,Robert Falls,,David Mamet,"Elliot Martin,Ben Sprecher,Louise Forlenza,Bryan Bantry,Michael S. Rosenberg,Nica Burns,Max Weitzenhoffer,Wendy Federman,Bozeman Group LLC,Stewart F. Lane,Bonnie Comley,Karl Sydow,Jay H. Harris,William Franzblau,Oscar Joyner,Ken Wydro,Vy Higginsen,Ray LarsenandNelle Nugent","Oct 31, 2008","Nov 17, 2008","Nov 24, 2008",2025-06-23
Passing Strange,https://www.ibdb.com/broadway-production/passing-strange-475091,Annie Dorsen,Stew,Stew,"The Shubert Organization,Elizabeth Ireland McCann,Bill Kenwright,Chase Mishkin,Barbara and Buddy Freitag,Broadway Across America,Emily Fisher Landau,Peter May,Boyett Ostar Productions,Larry Hirschhorn,Janet Pailet / Steve Klein,Elie Hirschfeld / Jed Bernstein,Spring Sirkin / Ruth Hendel,Vasi Laurence / Pat Flicker AddissandWendy Federman / Jackie Barlia Florin","Feb 08, 2008","Feb 28, 2008","Jul 20, 2008",2025-06-23
Journey's End,https://www.ibdb.com/broadway-production/journeys-end-454928,David Grindley,,R. C. Sherriff,"Boyett Ostar Productions,Stephanie McClelland,Bill Rollnick,James D'OrtaandPhilip Geier","Feb 08, 2007","Feb 22, 2007","Jun 10, 2007",2025-06-23
Awake and Sing!,https://www.ibdb.com/broadway-production/awake-and-sing-407155,Bartlett Sher,,Clifford Odets,Lincoln Center Theater (André Bishop: Artistic Director,"Mar 23, 2006","Apr 17, 2006","Jun 25, 2006",2025-06-23
Julius Caesar,https://www.ibdb.com/broadway-production/julius-caesar-391569,Daniel Sullivan,,William Shakespeare,Carole Shorenstein HaysandFreddy DeMann,"Mar 08, 2005","Apr 03, 2005","Jun 12, 2005",2025-06-23
"Dracula, the Musical",https://www.ibdb.com/broadway-production/dracula-the-musical-378388,Des McAnuff,Don BlackandChristopher Hampton,Don BlackandChristopher Hampton,Dodger Stage HoldingandJoop Van Den Ende,"Jul 30, 2004","Aug 19, 2004","Jan 02, 2005",2025-06-23
Six Dance Lessons in Six Weeks,https://www.ibdb.com/broadway-production/six-dance-lessons-in-six-weeks-13521,Arthur Allan Seidelman,,Richard Alfieri,"Rodger Hess,Marcia Seligson,Entpro Plays, Inc.,Carolyn S. Chambers,Sight, Sound, and Action,Brantley M. Dunaway,Judy ArnoldandPatricia Greenwald","Oct 07, 2003","Oct 29, 2003","Nov 23, 2003",2025-06-23
Enchanted April,https://www.ibdb.com/broadway-production/enchanted-april-13487,Michael Wilson,,Matthew Barber,"Jeffrey Richards,Richard Gross,Ellen Berman,Les Goldman,Raymond J. Greenwald,Pearl Berman Greenwald,Irving Welzer,Tonja Walker Davidson,Libby Adler Mages,Mari Glick,Howard R. Berlin,Jerry Frankel,Terry E. Schnuck,Frederic B. Vogel,Dori Berinstein,Barrie Loeks,Jim LoeksandDramatic Forces","Apr 08, 2003","Apr 29, 2003","Aug 31, 2003",2025-06-23
Frankie and Johnny in the Clair de Lune,https://www.ibdb.com/broadway-production/frankie-and-johnny-in-the-clair-de-lune-13328,Joe Mantello,,Terrence McNally,"The Araca Group,Jean Doumanian ProductionsandUSA OSTAR Theatricals","Jul 26, 2002","Aug 08, 2002","Mar 09, 2003",2025-06-23
The Mystery of Charles Dickens,https://www.ibdb.com/broadway-production/the-mystery-of-charles-dickens-13404,Patrick Garland,,Peter Ackroyd,"Ambassador Theatre Group,ACT ProductionsandPre Eminence Ltd.","Apr 18, 2002","Apr 25, 2002","May 12, 2002",2025-06-23
Follies,https://www.ibdb.com/broadway-production/follies-12822,Matthew Warchus,Stephen Sondheim,James Goldman,The Roundabout Theatre Company (Todd Haimes: Artistic Director,"Mar 08, 2001","Apr 05, 2001","Jul 14, 2001",2025-06-23
James Joyce's The Dead,https://www.ibdb.com/broadway-production/james-joyces-the-dead-12479,Richard Nelson,Shaun Davey,Richard Nelson,Gregory MosherandArielle Tepper,"Dec 14, 1999","Jan 11, 2000","Apr 16, 2000",2025-06-23
Ring Round the Moon,https://www.ibdb.com/broadway-production/ring-round-the-moon-7298,Gerald Gutierrez,Francis Poulenc,Jean Anouilh,Lincoln Center Theater (André Bishop: Artistic Director,"Apr 03, 1999","Apr 28, 1999","Jun 27, 1999",2025-06-23
A Mom's Life,https://www.ibdb.com/broadway-production/a-moms-life-4879,,,Kathryn Grody,,"Oct 19, 1998","Oct 19, 1998","Nov 02, 1998",2025-06-23
"Mandy Patinkin in Concert: ""Mamaloshen""",https://www.ibdb.com/broadway-production/mandy-patinkin-in-concert-mamaloshen-4878,,,,Dodger Endemol Theatricals,"Oct 13, 1998","Oct 13, 1998","Nov 07, 1998",2025-06-23
Honour,https://www.ibdb.com/broadway-production/honour-4868,Gerald Gutierrez,,Joanna Murray-Smith,Ron KastnerandMarcus Viscidi,"Apr 02, 1998","Apr 26, 1998","Jun 14, 1998",2025-06-23
Jackie,https://www.ibdb.com/broadway-production/jackie-4760,Gip Hoppe,,Gip Hoppe,"Bob Cuillo,Roger Dean,Mark SchwartzandJackie International, Inc","Oct 10, 1997","Nov 10, 1997","Mar 01, 1998",2025-06-23
A Doll's House,https://www.ibdb.com/broadway-production/a-dolls-house-4742,Anthony Page,,Henrik Ibsen,Bill Kenwright,"Mar 25, 1997","Apr 02, 1997","Aug 31, 1997",2025-06-23
Jack: A Night on the Town with John Barrymore,https://www.ibdb.com/broadway-production/jack-a-night-on-the-town-with-john-barrymore-4717,Leslie Megahey,,,John Heyman,"Apr 20, 1996","Apr 24, 1996","May 05, 1996",2025-06-23
Sacrilege,https://www.ibdb.com/broadway-production/sacrilege-4313,Don Scardino,,Diane Shaffer,Alexander H. CohenandMax Cooper,"Oct 26, 1995","Nov 02, 1995","Nov 19, 1995",2025-06-23
Hamlet,https://www.ibdb.com/broadway-production/hamlet-4299,Jonathan Kent,,William Shakespeare,"Dodger Productions,Roger Berlind,Endemol Theatre Productions, Inc.,Jujamcyn Theaters (James H. Binger: Chairman","Apr 14, 1995","May 02, 1995","Jul 22, 1995",2025-06-23
A Little More Magic,https://www.ibdb.com/broadway-production/a-little-more-magic-4596,"Diane Lynn Dupuy, C.M.",,,"Famous People Players (Diane Lynn Dupuy, C.M., Founder and Artistic Director)","Mar 15, 1994","Mar 17, 1994","Apr 10, 1994",2025-06-23
The Master Builder,https://www.ibdb.com/broadway-production/the-master-builder-4667,Tony Randall,,Henrik Ibsen,"National Actors Theatre (Tony Randall, Founder and Artistic Director)","Mar 11, 1992","Mar 19, 1992","Apr 26, 1992",2025-06-23
A Little Hotel on the Side,https://www.ibdb.com/broadway-production/a-little-hotel-on-the-side-4658,Tom Moore,Larry Delinger,Georges FeydeauandMaurice Desvallierès,"National Actors Theatre (Tony Randall, Founder and Artistic Director)","Jan 14, 1992","Jan 26, 1992","Mar 01, 1992",2025-06-23
The Crucible,https://www.ibdb.com/broadway-production/the-crucible-4654,Yossi Yzraely,,Arthur Miller,"National Actors Theatre (Tony Randall, Founder and Artistic Director)","Nov 19, 1991","Dec 10, 1991","Jan 05, 1992",2025-06-23
The Speed of Darkness,https://www.ibdb.com/broadway-production/the-speed-of-darkness-4633,Robert Falls,,Steve Tesich,"Robert Whitehead,Roger L. Stevens,Robert L. SachterandThe American National Theatre and Academy","Feb 14, 1991","Feb 28, 1991","Mar 30, 1991",2025-06-23
Prince of Central Park,https://www.ibdb.com/broadway-production/prince-of-central-park-4253,Tony Tanner,Gloria Nissenson,Evan H. Rhodes,Abe HirschfeldandJan McArt,"Oct 24, 1989","Nov 09, 1989","Nov 11, 1989",2025-06-23
As You Like It,https://www.ibdb.com/broadway-production/as-you-like-it-4430,Estelle Parsons,,William Shakespeare,Joseph Papp,"Nov 12, 1986","Nov 12, 1986","May 31, 1987",2025-06-23
Macbeth,https://www.ibdb.com/broadway-production/macbeth-13267,Estelle Parsons,,William Shakespeare,Joseph Papp,"Nov 12, 1986","Nov 12, 1986","May 31, 1987",2025-06-23
Romeo and Juliet,https://www.ibdb.com/broadway-production/romeo-and-juliet-13268,Estelle Parsons,,William Shakespeare,Joseph Papp,"Nov 12, 1986","Nov 12, 1986","May 31, 1987",2025-06-23
Accidental Death of an Anarchist,https://www.ibdb.com/broadway-production/accidental-death-of-an-anarchist-4352,Douglas C. Wager,,Dario Fo,"Alexander H. Cohen,Hildy ParksandBernard Gersten","Nov 02, 1984","Nov 15, 1984","Dec 01, 1984",2025-06-23
Marcel Marceau on Broadway,https://www.ibdb.com/broadway-production/marcel-marceau-on-broadway-4210,,,,Ken MyersandThe Shubert Organization,"Mar 08, 1983","Mar 09, 1983","Apr 17, 1983",2025-06-23
Ain't Misbehavin',https://www.ibdb.com/broadway-production/aint-misbehavin-4058,"Richard Maltby, Jr.","Thomas ""Fats"" Waller",,"Emanuel Azenberg,Dasha Epstein,The Shubert Organization,Jane GaynorandRon Dante","Apr 28, 1978","May 09, 1978","Feb 21, 1982",2025-06-23
Your Arms Too Short to Box With God,https://www.ibdb.com/broadway-production/your-arms-too-short-to-box-with-god-3958,,,,,,,,2025-06-23
Hide and Seek,https://www.ibdb.com/broadway-production/hide-and-seek-3951,Melvin Bernhardt,,Lezley Havard,Michael FrazierandBill McCutchen,"Apr 30, 1980","May 04, 1980","May 11, 1980",2025-06-23
Charlotte,https://www.ibdb.com/broadway-production/charlotte-3689,Herbert Berghof,,Peter Hacks,Eugene V. WolskandMarc Howard,"Feb 09, 1980","Feb 27, 1980","Mar 01, 1980",2025-06-23
The Goodbye People,https://www.ibdb.com/broadway-production/the-goodbye-people-3941,Jeff Bleckner,,Herb Gardner,Joseph KipnessandMaurice Rosenfield,"Apr 17, 1979","Apr 30, 1979","Apr 30, 1979",2025-06-23
Stages,https://www.ibdb.com/broadway-production/stages-4049,Richard Foreman,,Stuart Ostrow,Edgar BronfmanandStuart Ostrow,"Mar 04, 1978","Mar 19, 1978","Mar 19, 1978",2025-06-23
An Almost Perfect Person,https://www.ibdb.com/broadway-production/an-almost-perfect-person-4021,Zoe Caldwell,,Judith Ross,Burry FredrikandJoel Key Rice,"Oct 22, 1977","Oct 27, 1977","Jan 28, 1978",2025-06-23
American Buffalo,https://www.ibdb.com/broadway-production/american-buffalo-3895,Ulu Grosbard,,David Mamet,Edgar LansburyandJoseph Beruh,"Feb 08, 1977","Feb 16, 1977","Jun 11, 1977",2025-06-23
The Rocky Horror Show,https://www.ibdb.com/broadway-production/the-rocky-horror-show-3732,Jim Sharman,Richard O'Brien,Richard O'Brien,Lou Adler,"Mar 07, 1975","Mar 10, 1975","Apr 06, 1975",2025-06-23
Children of the Wind,https://www.ibdb.com/broadway-production/children-of-the-wind-3651,Shepard Traube,,Jerry Devine,Shepard TraubeandBuff Cobb,"Oct 23, 1973","Oct 24, 1973","Oct 27, 1973",2025-06-23
Mother Earth,https://www.ibdb.com/broadway-production/mother-earth-2966,Ray Golden,Ron Thronson,Ron Thronson,Roger Ailes,"Oct 13, 1972","Oct 19, 1972","Oct 28, 1972",2025-06-23
Oh! Calcutta!,https://www.ibdb.com/broadway-production/oh-calcutta-3457,Jacques Levy,,,Hillard Elkins,"Jun 17, 1969","Jun 17, 1969","Aug 12, 1972",2025-06-23
"Light, Lively and Yiddish",https://www.ibdb.com/broadway-production/light-lively-and-yiddish-3092,Mina Bern,"A. Shulman,Wolf YouninandSylvia Younin",,Sol Dickstein,"Oct 20, 1970","Oct 27, 1970","Jan 09, 1971",2025-06-23
Grin and Bare It! / Postcards,https://www.ibdb.com/broadway-production/grin-and-bare-it--postcards-3515,,,,,,,,2025-06-23
Does a Tiger Wear a Necktie?,https://www.ibdb.com/broadway-production/does-a-tiger-wear-a-necktie-2851,Michael Schultz,,Don Petersen,Philip RoseandHuntington Hartford,"Feb 25, 1969","Feb 25, 1969","Mar 29, 1969",2025-06-23
The Sudden & Accidental Re-Education of Horse Johnson,https://www.ibdb.com/broadway-production/the-sudden-accidental-re-education-of-horse-johnson-3443,George Morrison,,Douglas Taylor,"Gene Persson,Orin Lehman,Jay HarnickandCora Gay Carr","Dec 18, 1968","Dec 18, 1968","Dec 21, 1968",2025-06-23
Woman Is My Idea,https://www.ibdb.com/broadway-production/woman-is-my-idea-3411,Don C. Liljenquist,,Don C. Liljenquist,The Magniquist Corp.,"Sep 25, 1968","Sep 25, 1968","Sep 28, 1968",2025-06-23
Don't Drink the Water,https://www.ibdb.com/broadway-production/dont-drink-the-water-3347,Stanley Prager,,Woody Allen,David Merrick,"Nov 02, 1966","Nov 17, 1966","Apr 20, 1968",2025-06-23
Dr. Cook's Garden,https://www.ibdb.com/broadway-production/dr-cooks-garden-2949,Ira Levin,,Ira Levin,Saint Subber,"Sep 18, 1967","Sep 25, 1967","Sep 30, 1967",2025-06-23
The Killing of Sister George,https://www.ibdb.com/broadway-production/the-killing-of-sister-george-3293,Val May,,Frank Marcus,Helen BonfilsandMorton Gottlieb,"Oct 03, 1966","Oct 05, 1966","Apr 01, 1967",2025-06-23
The Subject Was Roses,https://www.ibdb.com/broadway-production/the-subject-was-roses-3202,Ulu Grosbard,,Frank D. Gilroy,Edgar Lansbury,"May 18, 1964","May 25, 1964","May 21, 1966",2025-06-23
"First One Asleep, Whistle",https://www.ibdb.com/broadway-production/first-one-asleep-whistle-2319,John Berry,,Oliver Hailey,Edgar LansburyandBruce Lansbury,"Feb 14, 1966","Feb 26, 1966","Feb 26, 1966",2025-06-23
Inadmissible Evidence,https://www.ibdb.com/broadway-production/inadmissible-evidence-3268,Anthony Page,,John Osborne,David Merrick Arts Foundation,"Nov 29, 1965","Nov 30, 1965","Apr 23, 1966",2025-06-23
A Very Rich Woman,https://www.ibdb.com/broadway-production/a-very-rich-woman-3247,Garson Kanin,,Ruth Gordon,Garson Kanin,"Sep 20, 1965","Sep 30, 1965","Oct 23, 1965",2025-06-23
One by One,https://www.ibdb.com/broadway-production/one-by-one-2841,Dore Schary,,Dore Schary,Dore ScharyandWalter A. Hyman,"Nov 23, 1964","Dec 01, 1964","Dec 05, 1964",2025-06-23
The Last Analysis,https://www.ibdb.com/broadway-production/the-last-analysis-3215,Joseph Anthony,,Saul Bellow,"Stevens Productions, Inc.,Bonfils-Seawell EnterprisesandDavid Oppenheim","Sep 21, 1964","Oct 01, 1964","Oct 24, 1964",2025-06-23
The Crucible,https://www.ibdb.com/broadway-production/the-crucible-3060,Jack Sydow,,Arthur Miller,"Michael Dewell,Frances Ann DoughertyandThe American National Theatre and Academy","Apr 06, 1964","Apr 06, 1964","May 02, 1964",2025-06-23
The Seagull,https://www.ibdb.com/broadway-production/the-seagull-3059,Eva Le Gallienne,,Anton Chekhov,"Michael Dewell,Frances Ann DoughertyandThe American National Theatre and Academy","Apr 05, 1964","Apr 05, 1964","May 02, 1964",2025-06-23
Abraham Cochrane,https://www.ibdb.com/broadway-production/abraham-cochrane-2820,Harold Stone,,John Sherry,Walter FriedandHelen Jacobson,"Feb 17, 1964","Feb 17, 1964","Feb 17, 1964",2025-06-23
Spoon River Anthology,https://www.ibdb.com/broadway-production/spoon-river-anthology-3020,Charles Aidman,Charles Aidman,,Joseph Cates,"Sep 29, 1963","Sep 29, 1963","Jan 04, 1964",2025-06-23
A Rainy Day in Newark,https://www.ibdb.com/broadway-production/a-rainy-day-in-newark-3035,Albert Marre,,Howard Teichmann,"Stevens Productions, Inc.","Oct 22, 1963","Oct 22, 1963","Oct 26, 1963",2025-06-23
Seidman and Son,https://www.ibdb.com/broadway-production/seidman-and-son-2920,Carmen Capalbo,,Elick Moll,"Theatre Guild Productions, Inc.,Joel W. SchenkerandMichael Kanin","Oct 15, 1962","Oct 15, 1962","Apr 20, 1963",2025-06-23
Write Me a Murder,https://www.ibdb.com/broadway-production/write-me-a-murder-2892,George Schaefer,,Frederick Knott,"Compass Productions, Inc.","Oct 24, 1961","Oct 26, 1961","Apr 14, 1962",2025-06-23
All the Way Home,https://www.ibdb.com/broadway-production/all-the-way-home-2273,Arthur Penn,,Tad Mosel,Fred Coe,"Nov 29, 1960","Nov 30, 1960","Sep 16, 1961",2025-06-23
A Raisin in the Sun,https://www.ibdb.com/broadway-production/a-raisin-in-the-sun-2083,Lloyd Richards,,Lorraine Hansberry,Philip RoseandDavid J. Cogan,"Mar 10, 1959","Mar 11, 1959","Jun 25, 1960",2025-06-23
Tall Story,https://www.ibdb.com/broadway-production/tall-story-2069,,,Howard LindsayandRussel Crouse,Emmett RogersandRobert Weiner,"Jan 29, 1959","Jan 29, 1959","May 02, 1959",2025-06-23
The Girls in 509,https://www.ibdb.com/broadway-production/the-girls-in-509-2700,,,Howard Teichmann,"Alfred De Liagre, Jr.","Oct 15, 1958","Oct 15, 1958","Jan 24, 1959",2025-06-23
Jane Eyre,https://www.ibdb.com/broadway-production/jane-eyre-2689,Demetrios Vilan,,Huntington Hartford,Courtney Burr,"May 01, 1958","May 01, 1958","Jun 14, 1958",2025-06-23
The Day the Money Stopped,https://www.ibdb.com/broadway-production/the-day-the-money-stopped-2676,Harold Clurman,,Maxwell AndersonandBrendan Gill,Stanley GilkeyandThe Producers Theatre,"Feb 20, 1958","Feb 20, 1958","Feb 22, 1958",2025-06-23
Present Laughter,https://www.ibdb.com/broadway-production/present-laughter-13076,,,Noël Coward,The Playwrights' Company (Maxwell Anderson,"Jan 31, 1958","Jan 31, 1958","Feb 08, 1958",2025-06-23
Nude With Violin,https://www.ibdb.com/broadway-production/nude-with-violin-2657,Noël Coward,,Noël Coward,The Playwrights' Company (Maxwell Anderson,"Nov 14, 1957","Nov 14, 1957","Feb 08, 1958",2025-06-23
I Knock at the Door,https://www.ibdb.com/broadway-production/i-knock-at-the-door-2640,Stuart Vaughan,,Sean O'Casey,"Lucille Lortel,Paul ShyreandHoward Gottfried","Sep 29, 1957","Sep 29, 1957","Nov 10, 1957",2025-06-23
The First Gentleman,https://www.ibdb.com/broadway-production/the-first-gentleman-2630,Tyrone Guthrie,,Norman Ginsbury,Alexander H. CohenandRalph Alswang,"Apr 25, 1957","Apr 25, 1957","May 18, 1957",2025-06-23
Good as Gold,https://www.ibdb.com/broadway-production/good-as-gold-2621,Albert Marre,,John Patrick,Cheryl Crawford,"Mar 07, 1957","Mar 07, 1957","Mar 09, 1957",2025-06-23
A Clearing in the Woods,https://www.ibdb.com/broadway-production/a-clearing-in-the-woods-2602,Joseph Anthony,,Arthur Laurents,Roger L. StevensandOliver Smith,"Jan 10, 1957","Jan 10, 1957","Feb 09, 1957",2025-06-23
Fanny,https://www.ibdb.com/broadway-production/fanny-2475,Joshua Logan,Harold Rome,S. N. BehrmanandJoshua Logan,David MerrickandJoshua Logan,"Nov 04, 1954","Nov 04, 1954","Dec 16, 1956",2025-06-23
Too Late the Phalarope,https://www.ibdb.com/broadway-production/too-late-the-phalarope-2568,John Stix,,Robert Yale Libott,Mary K. Frank,"Oct 11, 1956","Oct 11, 1956","Nov 10, 1956",2025-06-23
Will Success Spoil Rock Hunter?,https://www.ibdb.com/broadway-production/will-success-spoil-rock-hunter-2539,George Axelrod,,George Axelrod,Jule Styne,"Oct 13, 1955","Oct 13, 1955","Nov 10, 1956",2025-06-23
The Flowering Peach,https://www.ibdb.com/broadway-production/the-flowering-peach-2491,,,Clifford Odets,Robert WhiteheadandThe Producers Theatre,"Dec 28, 1954","Dec 28, 1954","Apr 23, 1955",2025-06-23
Fragile Fox,https://www.ibdb.com/broadway-production/fragile-fox-2467,,,Norman A. Brooks,Paul Vroom,"Oct 12, 1954","Oct 12, 1954","Nov 27, 1954",2025-06-23
The Solid Gold Cadillac,https://www.ibdb.com/broadway-production/the-solid-gold-cadillac-2385,,,Howard TeichmannandGeorge S. Kaufman,Max Gordon,"Nov 05, 1953","Nov 05, 1953","Feb 12, 1955",2025-06-23
The Madwoman of Chaillot,https://www.ibdb.com/broadway-production/the-madwoman-of-chaillot-2051,"Alfred De Liagre, Jr.",,Jean Giraudoux,"Alfred De Liagre, Jr.","Dec 27, 1948","Dec 27, 1948","Jan 07, 1950",2025-06-23
"For Heaven's Sake, Mother!",https://www.ibdb.com/broadway-production/for-heavens-sake-mother-2038,Julie Berns,,Julie Berns,David Kay,"Nov 16, 1948","Nov 16, 1948","Nov 20, 1948",2025-06-23
Sundown Beach,https://www.ibdb.com/broadway-production/sundown-beach-2014,,,Bessie Breuer,Louis J. SingerandThe Actors Studio,"Sep 07, 1948","Sep 07, 1948","Sep 11, 1948",2025-06-23
Me and Molly,https://www.ibdb.com/broadway-production/me-and-molly-1808,,,Gertrude Berg,"Paul Feigay,Oliver SmithandHerbert Kenwith","Feb 26, 1948","Feb 26, 1948","Jul 10, 1948",2025-06-23
The Last Dance,https://www.ibdb.com/broadway-production/the-last-dance-1646,,,August Strindberg,"James Russo,Michael EllisandTheater Associates, Inc.","Jan 27, 1948","Jan 27, 1948","Jan 31, 1948",2025-06-23
"Nataraj Vashi, Pra-Veena",https://www.ibdb.com/broadway-production/nataraj-vashi-pra-veena-1554,,,,Maharajah of BarodaandIndian Society of America,"May 26, 1947","May 26, 1947",Closing date unknown,2025-06-23
Evening in Cathay,https://www.ibdb.com/broadway-production/evening-in-cathay-1527,,,,Chinese Cultural Theatre,"Mar 02, 1947","Mar 02, 1947","Mar 02, 1947",2025-06-23
José Limón,https://www.ibdb.com/broadway-production/jos-limn-1502,José Limón,,,José Limón,"Jan 05, 1947","Jan 05, 1947",Closing date unknown,2025-06-23
Burlesque,https://www.ibdb.com/broadway-production/burlesque-1495,,,George Manker WattersandArthur Hopkins,Jean Dalrymple,"Dec 25, 1946","Dec 25, 1946","Jan 10, 1948",2025-06-23
Bal Negre,https://www.ibdb.com/broadway-production/bal-negre-1477,,,,"Nelson L. Gross,Daniel MelnickandKatherine Dunham","Nov 07, 1946","Nov 07, 1946","Dec 22, 1946",2025-06-23
Lysistrata,https://www.ibdb.com/broadway-production/lysistrata-1468,,,Aristophanes,James LightandMax J. Jelin,"Oct 17, 1946","Oct 17, 1946","Oct 19, 1946",2025-06-23
Maid in the Ozarks,https://www.ibdb.com/broadway-production/maid-in-the-ozarks-1450,,,Claire Parrish,Jules PfeifferandDan Goldberg,"Jul 15, 1946","Jul 15, 1946","Sep 28, 1946",2025-06-23
"This, Too, Shall Pass",https://www.ibdb.com/broadway-production/this-too-shall-pass-1434,,,Don Appell,Richard KrakeurandDavid Shay,"Apr 30, 1946","Apr 30, 1946","Jun 22, 1946",2025-06-23
Woman Bites Dog,https://www.ibdb.com/broadway-production/woman-bites-dog-1785,,,Sam SpewackandBella Spewack,Kermit Bloomgarden,"Apr 17, 1946","Apr 17, 1946","Apr 20, 1946",2025-06-23
The Song of Bernadette,https://www.ibdb.com/broadway-production/the-song-of-bernadette-1781,Walter Kerr,,Walter KerrandJean Kerr,Victor Payne-JenningsandFrank McCoy,"Mar 26, 1946","Mar 26, 1946","Mar 27, 1946",2025-06-23
Flamingo Road,https://www.ibdb.com/broadway-production/flamingo-road-1778,,,Robert WilderandSally Wilder,"Rowland StebbinsandLaurence Rivers, Inc.","Mar 19, 1946","Mar 19, 1946","Mar 23, 1946",2025-06-23
Truckline Cafe,https://www.ibdb.com/broadway-production/truckline-cafe-1775,Harold Clurman,,Maxwell Anderson,Harold ClurmanandElia Kazan,"Feb 27, 1946","Feb 27, 1946","Mar 09, 1946",2025-06-23
Home of the Brave,https://www.ibdb.com/broadway-production/home-of-the-brave-1758,Michael Gordon,,Arthur Laurents,Lee Sabinson,"Dec 27, 1945","Dec 27, 1945","Feb 23, 1946",2025-06-23
Skydrift,https://www.ibdb.com/broadway-production/skydrift-1741,,,Harry Kleiner,Rita Hassan,"Nov 13, 1945","Nov 13, 1945","Nov 17, 1945",2025-06-23
Live Life Again,https://www.ibdb.com/broadway-production/live-life-again-1728,Sawyer Falk,,Dan Totheroh,Sherman S. Krellberg,"Sep 29, 1945","Sep 29, 1945","Oct 01, 1945",2025-06-23
Memphis Bound!,https://www.ibdb.com/broadway-production/memphis-bound-1703,,Don WalkerandClay Warnick,Albert Wineman BarkerandSally Benson,John J. Wildberg,"May 24, 1945","May 24, 1945","Jun 23, 1945",2025-06-23
Blue Holiday,https://www.ibdb.com/broadway-production/blue-holiday-1701,Monroe B. Hack,"Al Moritz,Duke Ellington,E.Y. HarburgandMorey Amsterdam",,Irvin ShapiroandDoris Cole,"May 19, 1945","May 21, 1945","May 26, 1945",2025-06-23
Kiss Them for Me,https://www.ibdb.com/broadway-production/kiss-them-for-me-1685,Herman Shumlin,,Luther Davis,John H. MosesandMark Hanna,"Mar 20, 1945","Mar 20, 1945","Jun 23, 1945",2025-06-23
Trio,https://www.ibdb.com/broadway-production/trio-1615,,,Dorothy BakerandHoward Baker,Lee Sabinson,"Dec 29, 1944","Dec 29, 1944","Feb 24, 1945",2025-06-23
In Bed We Cry,https://www.ibdb.com/broadway-production/in-bed-we-cry-1596,,,Ilka Chase,John C. Wilson,"Nov 14, 1944","Nov 14, 1944","Dec 23, 1944",2025-06-23
Violet,https://www.ibdb.com/broadway-production/violet-1587,Whitfield Cook,,Whitfield Cook,Albert Margolies,"Oct 24, 1944","Oct 24, 1944","Nov 11, 1944",2025-06-23
Pearl Primus,https://www.ibdb.com/broadway-production/pearl-primus-1581,Pearl Primus,,,Max J. Jelin,"Oct 04, 1944","Oct 04, 1944","Oct 14, 1944",2025-06-23
Lower North,https://www.ibdb.com/broadway-production/lower-north-1321,,,Martin Bidwell,Max J. Jelin,"Aug 25, 1944","Aug 25, 1944","Sep 02, 1944",2025-06-23
Three's a Family,https://www.ibdb.com/broadway-production/threes-a-family-1291,Henry Ephron,,Phoebe EphronandHenry Ephron,John Golden,"May 05, 1943","May 05, 1943","Jul 08, 1944",2025-06-23
Mrs. January and Mr. X,https://www.ibdb.com/broadway-production/mrs-january-and-mr-x-1406,,,Zoe Akins,Richard Myers,"Mar 31, 1944","Mar 31, 1944","May 06, 1944",2025-06-23
Decision,https://www.ibdb.com/broadway-production/decision-1387,Edward Chodorov,,Edward Chodorov,Edward Choate,"Feb 02, 1944","Feb 02, 1944","Jun 17, 1944",2025-06-23
Storm Operation,https://www.ibdb.com/broadway-production/storm-operation-1377,Michael Gordon,,Maxwell Anderson,The Playwrights' Company (Maxwell Anderson,"Jan 11, 1944","Jan 11, 1944","Jan 29, 1944",2025-06-23
The Innocent Voyage,https://www.ibdb.com/broadway-production/the-innocent-voyage-1356,Paul Osborn,,Paul Osborn,The Theatre Guild,"Nov 15, 1943","Nov 15, 1943","Dec 18, 1943",2025-06-23
Land of Fame,https://www.ibdb.com/broadway-production/land-of-fame-1336,Albert Bein,Joseph Wood,Albert BeinandMary Bein,Albert BeinandFrederick Fox,"Sep 21, 1943","Sep 21, 1943","Sep 25, 1943",2025-06-23
Those Endearing Young Charms,https://www.ibdb.com/broadway-production/those-endearing-young-charms-1295,Edward Chodorov,,Edward Chodorov,Max Gordon,"Jun 16, 1943","Jun 16, 1943","Aug 07, 1943",2025-06-23
Dark Eyes,https://www.ibdb.com/broadway-production/dark-eyes-1265,,,Elena Miramova,Jed Harris,"Jan 14, 1943","Jan 14, 1943","Jul 31, 1943",2025-06-23
Doodle Dandy of the U.S.A.,https://www.ibdb.com/broadway-production/doodle-dandy-of-the-usa-1257,Saul Lancourt,Elie Siegmaster,Saul Lancourt,Junior Programs Inc,"Dec 26, 1942","Dec 26, 1942",Closing date unknown,2025-06-23
Lifeline,https://www.ibdb.com/broadway-production/lifeline-1247,Dudley Digges,,Norman Armstrong,Gilbert Miller,"Nov 30, 1942","Nov 30, 1942","Dec 05, 1942",2025-06-23
"Magic / Hello, Out There",https://www.ibdb.com/broadway-production/magic--hello-out-there-1222,,,,,,,,2025-06-23
Across the Board on Tomorrow Morning and Talking to You,https://www.ibdb.com/broadway-production/across-the-board-on-tomorrow-morning-and-talking-to-you-1211,,,,,,,,2025-06-23
The Walking Gentleman,https://www.ibdb.com/broadway-production/the-walking-gentleman-1194,,,George PerkinsandFulton Oursler,Albert LewisandMarion Gering,"May 07, 1942","May 07, 1942","May 12, 1942",2025-06-23
Nathan the Wise,https://www.ibdb.com/broadway-production/nathan-the-wise-1183,James Light,,Ferdinand Bruckner,Erwin PiscatorandMessrs. Shubert (Lee and J. J.),"Apr 03, 1942","Apr 03, 1942","Apr 18, 1942",2025-06-23
Plan M,https://www.ibdb.com/broadway-production/plan-m-1173,Marion Gering,,James Edward Grant,Aldrich & Myers,"Feb 20, 1942","Feb 20, 1942","Feb 23, 1942",2025-06-23
Clash by Night,https://www.ibdb.com/broadway-production/clash-by-night-1152,Lee Strasberg,,Clifford Odets,Billy Rose,"Dec 27, 1941","Dec 27, 1941","Feb 07, 1942",2025-06-23
The Man With Blond Hair,https://www.ibdb.com/broadway-production/the-man-with-blond-hair-1126,Norman Krasna,,Norman Krasna,Frank Ross,"Nov 04, 1941","Nov 04, 1941","Nov 08, 1941",2025-06-23
Mr. and Mrs. North,https://www.ibdb.com/broadway-production/mr-and-mrs-north-1057,"Alfred De Liagre, Jr.",,,"Alfred De Liagre, Jr.","Jan 12, 1941","Jan 12, 1941","May 31, 1941",2025-06-23
Retreat to Pleasure,https://www.ibdb.com/broadway-production/retreat-to-pleasure-1041,Harold Clurman,,Irwin Shaw,The Group Theatre Company,"Dec 17, 1940","Dec 17, 1940","Jan 04, 1941",2025-06-23
Johnny Belinda,https://www.ibdb.com/broadway-production/johnny-belinda-1014,Harry Wagstaff Gribble,,Elmer Harris,Harry Wagstaff Gribble,"Sep 18, 1940","Sep 18, 1940","Jun 21, 1941",2025-06-23
At The Stroke of Eight,https://www.ibdb.com/broadway-production/at-the-stroke-of-eight-1003,,,Percy Robinson,Joseph M. GaitesandAlbert De Courville,"May 20, 1940","May 20, 1940","May 25, 1940",2025-06-23
My Dear Children,https://www.ibdb.com/broadway-production/my-dear-children-13229,Otto L. Preminger,Maurice Nitke,Catherine TurneyandJerry Horwin,Richard AldrichandRichard Myers,"Jan 31, 1940","Jan 31, 1940","May 18, 1940",2025-06-23
Foreigners,https://www.ibdb.com/broadway-production/foreigners-12993,,,Frederick Lonsdale,Messrs. Shubert (Lee and J. J.),"Dec 05, 1939","Dec 05, 1939","Dec 09, 1939",2025-06-23
Quiet City,https://www.ibdb.com/broadway-production/quiet-city-13378,,,Irwin Shaw,,"Apr 16, 1939","Apr 16, 1939","Apr 23, 1939",2025-06-23
The Gentle People,https://www.ibdb.com/broadway-production/the-gentle-people-12404,Harold Clurman,,Irwin Shaw,The Group Theatre,"Jan 05, 1939","Jan 05, 1939","May 06, 1939",2025-06-23
Rocket to the Moon,https://www.ibdb.com/broadway-production/rocket-to-the-moon-12398,Harold Clurman,,Clifford Odets,The Group Theatre,"Nov 24, 1938","Nov 24, 1938",Mar 1939,2025-06-23
Dance Night,https://www.ibdb.com/broadway-production/dance-night-12390,,,Kenyon Nicholson,Robert Rockmore,"Oct 14, 1938","Oct 14, 1938","Oct 15, 1938",2025-06-23
Golden Boy,https://www.ibdb.com/broadway-production/golden-boy-12308,Harold Clurman,,Clifford Odets,The Group Theatre,"Nov 04, 1937","Nov 04, 1937",Jun 1938,2025-06-23
Dead End,https://www.ibdb.com/broadway-production/dead-end-12012,Sidney Kingsley,,Sidney Kingsley,Norman Bel Geddes,"Oct 28, 1935","Oct 28, 1935","Jun 12, 1937",2025-06-23
Awake and Sing!,https://www.ibdb.com/broadway-production/awake-and-sing-11979,Harold Clurman,,Clifford Odets,"The Group Theatre, Inc.","Sep 09, 1935","Sep 09, 1935","Sep 28, 1935",2025-06-23
Waiting For Lefty,https://www.ibdb.com/broadway-production/waiting-for-lefty-11980,,,Clifford Odets,"The Group Theatre, Inc.","Sep 09, 1935","Sep 09, 1935",Sep 1935,2025-06-23
Awake and Sing!,https://www.ibdb.com/broadway-production/awake-and-sing-11954,,,Clifford Odets,"The Group Theatre, Inc.","Feb 19, 1935","Feb 19, 1935","Jul 27, 1935",2025-06-23
Between Two Worlds,https://www.ibdb.com/broadway-production/between-two-worlds-11928,,,Elmer Rice,Elmer Rice,"Oct 25, 1934","Oct 25, 1934",Nov 1934,2025-06-23
Judgment Day,https://www.ibdb.com/broadway-production/judgment-day-11908,,,Elmer Rice,Elmer Rice,"Sep 12, 1934","Sep 12, 1934",Dec 1934,2025-06-23
The Joyous Season,https://www.ibdb.com/broadway-production/the-joyous-season-11830,,,Philip Barry,Arthur Hopkins,"Jan 29, 1934","Jan 29, 1934",Feb 1934,2025-06-23
Come Easy,https://www.ibdb.com/broadway-production/come-easy-7920,,,Felicia Metcalfe,Elizabeth Miele,"Aug 29, 1933","Aug 29, 1933",Sep 1933,2025-06-23
Alien Corn,https://www.ibdb.com/broadway-production/alien-corn-11722,,,Sidney Howard,Katharine Cornell,"Feb 20, 1933","Feb 20, 1933",May 1933,2025-06-23
Lucrece,https://www.ibdb.com/broadway-production/lucrece-11544,,Deems Taylor,,Katharine Cornell,"Dec 20, 1932","Dec 20, 1932",Jan 1933,2025-06-23
Criminal at Large,https://www.ibdb.com/broadway-production/criminal-at-large-11640,,,Edgar Wallace,Guthrie McClintic,"Oct 10, 1932","Oct 10, 1932",Feb 1933,2025-06-23
The Truth About Blayds,https://www.ibdb.com/broadway-production/the-truth-about-blayds-11528,,,A. A. Milne,Guthrie McClintic,"Apr 11, 1932","Apr 11, 1932",May 1932,2025-06-23
Distant Drums,https://www.ibdb.com/broadway-production/distant-drums-7891,,,Dan Totheroh,Guthrie McClintic,"Jan 18, 1932","Jan 18, 1932",Feb 1932,2025-06-23
Brief Moment,https://www.ibdb.com/broadway-production/brief-moment-10406,Guthrie McClintic,,S. N. Behrman,Guthrie McClintic,"Nov 09, 1931","Nov 09, 1931",Feb 1932,2025-06-23
Tonight or Never,https://www.ibdb.com/broadway-production/tonight-or-never-11268,,,Lili Hatvany,David Belasco,"Nov 18, 1930","Nov 18, 1930",Jun 1931,2025-06-23
Dancing Partner,https://www.ibdb.com/broadway-production/dancing-partner-11134,,,Alexander EngelandAlfred Grunwald,David Belasco,"Aug 05, 1930","Aug 05, 1930",Nov 1930,2025-06-23
It's a Wise Child,https://www.ibdb.com/broadway-production/its-a-wise-child-10915,David Belasco,,Laurence E. Johnson,David Belasco,"Aug 06, 1929","Aug 06, 1929",Jul 1930,2025-06-23
Mima,https://www.ibdb.com/broadway-production/mima-10800,,,David Belasco,David Belasco,"Dec 12, 1928","Dec 12, 1928",May 1929,2025-06-23
The Bachelor Father,https://www.ibdb.com/broadway-production/the-bachelor-father-10594,,,Edward Childs Carpenter,David Belasco,"Feb 28, 1928","Feb 28, 1928",Oct 1928,2025-06-23
Hit the Deck,https://www.ibdb.com/broadway-production/hit-the-deck-10292,Lew M. FieldsandAlexander Leftwich,Clifford GreyandLeo Robin,Herbert Fields,Lew M. FieldsandVincent Youmans,"Apr 25, 1927","Apr 25, 1927","Feb 25, 1928",2025-06-23
Lulu Belle,https://www.ibdb.com/broadway-production/lulu-belle-9996,,,Edward SheldonandCharles MacArthur,David Belasco,"Feb 09, 1926","Feb 09, 1926","Mar 19, 1927",2025-06-23
Stronger Than Love,https://www.ibdb.com/broadway-production/stronger-than-love-9977,Alfred HickmanandFrederick Stanhope,,Dario Niccodemi,Carl Reed,"Dec 28, 1925","Dec 28, 1925",Feb 1926,2025-06-23
Young Woodley,https://www.ibdb.com/broadway-production/young-woodley-9933,George C. TylerandBasil Dean,,John Van Druten,,"Nov 02, 1925","Nov 02, 1925",Jun 1926,2025-06-23
Accused,https://www.ibdb.com/broadway-production/accused-9915,,,Brieux,David Belasco,"Sep 29, 1925","Sep 29, 1925",Dec 1925,2025-06-23
The Harem,https://www.ibdb.com/broadway-production/the-harem-9352,,,Ernest Vajda,David Belasco,"Dec 02, 1924","Dec 02, 1924",May 1925,2025-06-23
Tiger Cats,https://www.ibdb.com/broadway-production/tiger-cats-9606,,,Karen Bramson,David Belasco,"Oct 21, 1924","Oct 21, 1924",Dec 1924,2025-06-23
Lamplight,https://www.ibdb.com/broadway-production/lamplight-7827,Claire CarvalhoandHerbert A. Weiller,,Claire Carvalho,Walter HartwigandThe New York Drama League,"May 09, 1924","May 09, 1924","May 09, 1924",2025-06-23
Tired,https://www.ibdb.com/broadway-production/tired-7828,Harriet Stuart Colter,,Juliet Wilbor Tompkins,Walter HartwigandThe New York Drama League,"May 09, 1924","May 09, 1924","May 09, 1924",2025-06-23
The Game of Chess,https://www.ibdb.com/broadway-production/the-game-of-chess-7829,James WallaceandR. C. Turner,,Kenneth Sawyer Goodman,Walter HartwigandThe New York Drama League,"May 09, 1924","May 09, 1924","May 09, 1924",2025-06-23
In the Darkness,https://www.ibdb.com/broadway-production/in-the-darkness-7823,Pearl Byrd,,Dan Totheroh,Walter HartwigandThe New York Drama League,"May 08, 1924","May 08, 1924","May 08, 1924",2025-06-23
When the Whirlwind Blows,https://www.ibdb.com/broadway-production/when-the-whirlwind-blows-7824,Vernon Radcliffe,,Essex Dane,Walter HartwigandThe New York Drama League,"May 08, 1924","May 08, 1924","May 08, 1924",2025-06-23
Crabbed Youth and Age,https://www.ibdb.com/broadway-production/crabbed-youth-and-age-7825,,,Lennox Robinson,Walter HartwigandThe New York Drama League,"May 08, 1924","May 08, 1924","May 08, 1924",2025-06-23
The Nursery Maid of Heaven,https://www.ibdb.com/broadway-production/the-nursery-maid-of-heaven-7826,Ina Hammer Hards,,Thomas Wood,Walter HartwigandThe New York Drama League,"May 08, 1924","May 08, 1924","May 08, 1924",2025-06-23
The Poor,https://www.ibdb.com/broadway-production/the-poor-7820,,,John Merrick Yorke,Walter HartwigandThe New York Drama League,"May 07, 1924","May 07, 1924","May 07, 1924",2025-06-23
'Op-o'-Me Thumb,https://www.ibdb.com/broadway-production/op-o-me-thumb-7821,J. Harry Irvine,,Frederick FennandRichard Pryce,Walter HartwigandThe New York Drama League,"May 07, 1924","May 07, 1924","May 07, 1924",2025-06-23
Judge Lynch,https://www.ibdb.com/broadway-production/judge-lynch-7822,Oliver Hinsdell,,John W. Rogers,Walter HartwigandThe New York Drama League,"May 07, 1924","May 07, 1924","May 07, 1924",2025-06-23
The Warrior's Husband,https://www.ibdb.com/broadway-production/the-warriors-husband-7819,Belford Forrest,,Julian F. Thompson,Walter HartwigandThe New York Drama League,"May 06, 1924","May 06, 1924","May 06, 1924",2025-06-23
My Lady Dreams,https://www.ibdb.com/broadway-production/my-lady-dreams-9518,Rosalie Mathieu,,Eugene Pillott,Walter Hartwig,"May 06, 1924","May 06, 1924","May 06, 1924",2025-06-23
The Wrists on the Door,https://www.ibdb.com/broadway-production/the-wrists-on-the-door-9519,Evelyn Kingsland,,Horace Fish,Walter Hartwig,"May 06, 1924","May 06, 1924","May 06, 1924",2025-06-23
Caleb Stone's Death Watch,https://www.ibdb.com/broadway-production/caleb-stones-death-watch-9520,,,Martin Flavin,Walter Hartwig,"May 06, 1924","May 06, 1924","May 06, 1924",2025-06-23
On Vengeance Height,https://www.ibdb.com/broadway-production/on-vengeance-height-9515,,,Allan DavisandCornelia C. Vencill,Walter Hartwig,"May 05, 1924","May 05, 1924","May 05, 1924",2025-06-23
The Man in the Bowler Hat,https://www.ibdb.com/broadway-production/the-man-in-the-bowler-hat-9516,Vernon Radcliffe,,A. A. Milne,Walter Hartwig,"May 05, 1924","May 05, 1924","May 05, 1924",2025-06-23
Beauty and the Jacobin,https://www.ibdb.com/broadway-production/beauty-and-the-jacobin-9517,Stuart SeymourandBernard Katz,,Booth Tarkington,Walter Hartwig,"May 05, 1924","May 05, 1924","May 05, 1924",2025-06-23
"Laugh, Clown, Laugh!",https://www.ibdb.com/broadway-production/laugh-clown-laugh-7085,,,David BelascoandTom Cushing,David Belasco,"Nov 28, 1923","Nov 28, 1923",Mar 1924,2025-06-23
"Mary, Mary, Quite Contrary",https://www.ibdb.com/broadway-production/mary-mary-quite-contrary-9264,,,St. John Ervine,David Belasco,"Sep 11, 1923","Sep 11, 1923",Nov 1923,2025-06-23
Kiki,https://www.ibdb.com/broadway-production/kiki-12588,David Belasco,,André Picard,David Belasco,"Nov 29, 1921","Nov 29, 1921","May 05, 1923",2025-06-23
The Return of Peter Grimm,https://www.ibdb.com/broadway-production/the-return-of-peter-grimm-12642,,,David Belasco,David Belasco,"Sep 21, 1921","Sep 21, 1921",Nov 1921,2025-06-23
Deburau,https://www.ibdb.com/broadway-production/deburau-9013,,,Harley Granville-Barker,David Belasco,"Dec 23, 1920","Dec 23, 1920",Jun 1921,2025-06-23
One,https://www.ibdb.com/broadway-production/one-8983,,,Edward Knoblauch,David Belasco,"Sep 14, 1920","Sep 14, 1920",Dec 1920,2025-06-23
The Son-Daughter,https://www.ibdb.com/broadway-production/the-son-daughter-6725,,,George ScarboroughandDavid Belasco,David Belasco,"Nov 19, 1919","Nov 19, 1919",Jun 1920,2025-06-23
Dark Rosaleen,https://www.ibdb.com/broadway-production/dark-rosaleen-8867,,,W. D. HepenstallandWhitford Kane,David Belasco,"Apr 22, 1919","Apr 22, 1919",Jul 1919,2025-06-23
Tiger! Tiger!,https://www.ibdb.com/broadway-production/tiger-tiger-6968,,,Edward Knoblauch,David Belasco,"Nov 12, 1918","Nov 12, 1918",Apr 1919,2025-06-23
Daddies,https://www.ibdb.com/broadway-production/daddies-8733,,,John L. Hobble,David Belasco,"Sep 05, 1918","Sep 05, 1918",Jun 1919,2025-06-23
Polly With a Past,https://www.ibdb.com/broadway-production/polly-with-a-past-8570,,,George MiddletonandGuy Bolton,David Belasco,"Sep 06, 1917","Sep 06, 1917",Jun 1918,2025-06-23
The Very Minute,https://www.ibdb.com/broadway-production/the-very-minute-8530,,,John Meehan,David Belasco,"Apr 09, 1917","Apr 09, 1917",May 1917,2025-06-23
Little Lady in Blue,https://www.ibdb.com/broadway-production/little-lady-in-blue-7777,,,Horace HodgesandT. Wigney Percyval,David Belasco,"Dec 21, 1916","Dec 21, 1916",Mar 1917,2025-06-23
Seven Chances,https://www.ibdb.com/broadway-production/seven-chances-8390,,,Roi Cooper Megrue,David Belasco,"Aug 08, 1916","Aug 08, 1916","Dec 16, 1916",2025-06-23
The Boomerang,https://www.ibdb.com/broadway-production/the-boomerang-7052,,,Winchell SmithandVictor Mapes,David Belasco,"Aug 10, 1915","Aug 10, 1915",Nov 1916,2025-06-23
Marie-Odile,https://www.ibdb.com/broadway-production/marie-odile-8129,,,Edward Knoblauch,David Belasco,"Jan 26, 1915","Jan 26, 1915",May 1915,2025-06-23
The Phantom Rival,https://www.ibdb.com/broadway-production/the-phantom-rival-8048,,,Ferenc Molnár,David Belasco,"Oct 06, 1914","Oct 06, 1914",Jan 1915,2025-06-23
The Secret,https://www.ibdb.com/broadway-production/the-secret-7958,,,Henri Bernstein,David Belasco,"Dec 23, 1913","Dec 23, 1913","Apr 25, 1914",2025-06-23
The Auctioneer,https://www.ibdb.com/broadway-production/the-auctioneer-7708,,,Lee ArthurandCharles Klein,David Belasco,"Sep 30, 1913","Sep 30, 1913",Dec 1913,2025-06-23
The Temperamental Journey,https://www.ibdb.com/broadway-production/the-temperamental-journey-7661,,,Leo Ditrichstein,David Belasco,"Sep 04, 1913","Sep 04, 1913",Closing date unknown,2025-06-23
Years of Discretion,https://www.ibdb.com/broadway-production/years-of-discretion-7551,David Belasco,,Frederic HattonandFanny Hatton,David Belasco,"Dec 25, 1912","Dec 25, 1912",Jun 1913,2025-06-23
Tainted Philanthropy,https://www.ibdb.com/broadway-production/tainted-philanthropy-7532,,,Abraham Goldknopf,,"Nov 26, 1912","Nov 26, 1912","Nov 26, 1912",2025-06-23
The Case of Becky,https://www.ibdb.com/broadway-production/the-case-of-becky-5130,David Belasco,,Edward Locke,David Belasco,"Oct 01, 1912","Oct 01, 1912",Dec 1912,2025-06-23
The Return of Peter Grimm,https://www.ibdb.com/broadway-production/the-return-of-peter-grimm-7366,,,David Belasco,David Belasco,"Oct 17, 1911","Oct 17, 1911",May 1912,2025-06-23
The Concert,https://www.ibdb.com/broadway-production/the-concert-7195,,,Hermann Bahr,David Belasco,"Oct 04, 1910","Oct 04, 1910",May 1911,2025-06-23
The Call of the Cricket,https://www.ibdb.com/broadway-production/the-call-of-the-cricket-7152,Frederic Thompson,,Edward Peple,Frederic Thompson,"Apr 19, 1910","Apr 19, 1910",Apr 1910,2025-06-23
Just a Wife,https://www.ibdb.com/broadway-production/just-a-wife-7114,,,Eugene Walter,David Belasco,"Feb 01, 1910","Feb 01, 1910",Apr 1910,2025-06-23
