web_Link,Production Name,Director,Composer/Lyricist,Playwright,Rights Holder,Preview Date,Opening Date,Closing Date,Scraped Date,Category
https://www.ibdb.com/broadway-production/boop-the-musical-539978,BOOP! The Musical,Jerry Mitchell,Susan Birkenhead,Bob Martin,"Marc Johnston,Taitan Captial, Inc.,Western Costume Co.,The Shubert Organization,Melody Place,Nederlander Presentations, Inc.,Tony Fernandes,Bob Boyett,Larry & Martha Day,Mary Gerdts & Douglas McKinney,Teresa J. Huber,John Paul DeJoria,Peermusic,Rick Perez / Rafael Herrera,Karen LeFrak / Iris Smith,Ann Magee / Joan P. Waechter,Michael Ravenhill,Gerardo Braggiotti / Paolo Zannoni,Brianna Leigh Bell,Candy Spelling,Danielle Del,Arielle Tepper,Steve Tisch,Jon Avnet,Werner Entertainment,John Gore Organization,Alexander Robertson / Harmony HarrisandPeg McGetrick","Mar 11, 2025","Apr 05, 2025","Jul 13, 2025",2025-06-26,Creative Team and Performance Data
https://www.ibdb.com/broadway-production/the-hills-of-california-539850,The Hills of California,Sam Mendes,,Jez Butterworth,Stephanie P. McClelland,"Sep 11, 2024","Sep 29, 2024","Dec 22, 2024",2025-06-26,Creative Team and Performance Data
https://www.ibdb.com/broadway-production/a-beautiful-noise-the-neil-diamond-musical-534723,"A Beautiful Noise, The Neil Diamond Musical",Michael Mayer,Neil Diamond,Anthony McCarten,Ken DavenportandBob Gaudio,"Nov 02, 2022","Dec 04, 2022","Jun 30, 2024",2025-06-26,Creative Team and Performance Data
https://www.ibdb.com/broadway-production/jagged-little-pill-522465,Jagged Little Pill,Diane Paulus,Alanis Morissette,Diablo Cody,"Vivek J. Tiwary,Arvind Ethan David,Eva Price,Caiola Productions,Level Forward & Abigail Disney,Geffen Playhouse-Tenenbaum-Feinberg,James L. Nederlander,Dean Borell Moravis Silver,Stephen G. Johnson,Concord Theatricals,Bard Theatricals,M. Kilburg Reedy,42nd.club,Betsy Dollinger,Sundowners,The Araca Group,Jana Bezdek,Len Blavatnik,BSL Enterprises,Burnt Umber Productions,Darren DeVerna & Jeremiah Harris,Daryl Roth,Susan Edelstein,FG Productions,Sue Gilad & Larry Rogowsky,Harmonia,John Gore Theatrical Group,Melissa M. Jones & Barbara H. Freitag,Stephanie Kramer,Lamplighter Projects,Christina Isaly Liceaga,David Mirvish,Spencer B. Ross,Bellanca Smigel Rutter,Iris Smith,Jason Taylor & Sydney Suiter,Rachel Weinstein,W.I.T. Productions/Gabriel Creative Partners,Independent Presenters Network,Universal Music Publishing Group,Jujamcyn TheatersandAmerican Repertory Theater (Diane Paulus, Artistic Director","Nov 03, 2019","Dec 05, 2019","Dec 17, 2021",2025-06-26,Creative Team and Performance Data
https://www.ibdb.com/broadway-production/frankie-and-johnny-in-the-clair-de-lune-521362,Frankie and Johnny in the Clair de Lune,Arin Arbus,,Terrence McNally,"Hunter Arnold,Debbie Bisno,Tom Kirdahy,Elizabeth Dewberry & Ali Ahmet Kocabiyik,Broadway Strategic Return Fund,Caiola Productions,FedermanGold Productions,Invisible Wall Productions,John Gore Organization,Mike Karns,Kilimanjaro Theatricals,Peter May,Tyler Mount,Seriff Productions,Silva Theatrical Group,Cliff Bleszinski/GetterLazarDaly,Jamie deRoy / Gary DiMauro,Suzi Dietz & Lenny Beer/Sally Cade Holmes,Barbara H. Freitag/Ken Davenport,Barry & Kimberly Gowdy/Mabee Family Office,Kayla Greenspan/Jamie Joeyen-Waldorf,John Joseph/Broadway Factor,Tilted Windmills / John PaterakisandThe Shubert Organization","May 04, 2019","May 30, 2019","Jul 28, 2019",2025-06-26,Creative Team and Performance Data
https://www.ibdb.com/broadway-production/anastasia-508711,Anastasia,Darko Tresnjak,Lynn Ahrens,Terrence McNally,"Stage Entertainment,Bill Taylor,Tom Kirdahy,Hunter Arnold,50 Church Street Productions,The Shubert Organization,Elizabeth Dewberry & Ali Ahmet Kocabiyik,Carl Daikeler,Van Dean / Stephanie Rosenberg,Warner / Chappell Music,42nd.club / Phil Kenny,Judith Ann Abrams Productions,Broadway Asia / Umeda Arts Theater,Mark Lee & Ed Filipowski,Harriet Newman Leve,Peter May,David Mirvish,Sandi Moran,Seoul Broadcasting System,Sara Beth Zivitz,Michael Stotts,LD Entertainment / Sally Cade Holmes,Jay Alix & Una Jackman / BlumeGreenspan,Carolyn and Marc Seriff / Bruno WangandSilva Theatrical Group / Adam Zell","Mar 23, 2017","Apr 24, 2017","Mar 31, 2019",2025-06-26,Creative Team and Performance Data
https://www.ibdb.com/broadway-production/the-front-page-508298,The Front Page,Jack O'Brien,,Ben HechtandCharles MacArthur,"Scott Rudin,Eli Bush,Len Blavatnik,Peter May,The John Gore Organization,Eric Falkenstein,Seth  A. Goldstein,The Araca Group,Jay Alix & Una Jackman,Scott M. Delman,Ruth Hendel,Heni Koenigsberg,Jon B. Platt,Daryl Roth,Tulchin Bartner Productions,Stephanie P. McClelland,True Love Productions,Jane Bergère,Wendy Federman,Anita Waxman,Meredith Lynsey Schade,Jamie deRoy,Al NocciolinoandSpring Sirkin","Sep 20, 2016","Oct 20, 2016","Jan 29, 2017",2025-06-26,Creative Team and Performance Data
https://www.ibdb.com/broadway-production/tuck-everlasting-501949,Tuck Everlasting,Casey Nicholaw,Nathan Tysen,Claudia ShearandTim Federle,"Grove Entertainment,Arlene Scanlan & Michael Jackowitz,Howard & Janet Kagan,Jeffrey A. Sine,Broadway Across America,Samira Nanda,Matthew Blank,Laurie Glodowski / Susan Daniels,Joan Jhett Productions / Gabrielle Hanna & Marcy Feller,Patti Maurer / Bev Tannenbaum / Sunshine Productions / Karen Humphries Sallick,Rich Entertainment Group / Jeremiah J. Harris / Darren P. Deverna / A.C. Orange International LLC,Warner/Chappell Music / Linda G. Scott,Late Life Love Productions / Alexis Fund,Fakston Productions / Kyle Fisher,Jack Thomas / Caduceus ProductionsandBarry Brown","Mar 31, 2016","Apr 26, 2016","May 29, 2016",2025-06-26,Creative Team and Performance Data
https://www.ibdb.com/broadway-production/misery-501289,Misery,Will Frears,Michael Friedman,,Warner Bros. Theatre Ventures,"Oct 22, 2015","Nov 15, 2015","Feb 14, 2016",2025-06-26,Creative Team and Performance Data
https://www.ibdb.com/broadway-production/mamma-mia-12925,Mamma Mia!,Phyllida Lloyd,Benny AnderssonandBjörn Ulvaeus,Catherine Johnson,"Judy Craymer,Richard East,Björn UlvaeusandLittlestar Ltd.","Oct 05, 2001","Oct 18, 2001","Sep 12, 2015",2025-06-26,Creative Team and Performance Data
https://www.ibdb.com/broadway-production/lucky-guy-493577,Lucky Guy,George C. Wolfe,,Nora Ephron,"Colin Callender,Roy Furman,Arielle Tepper Madover,Roger & William Berlind,Stacey Mindich,Robert Cole & Frederick Zollo,David Mirvish,Daryl Roth,James D. Stern / Douglas L. MeyerandScott and Brian Zeilinger","Mar 01, 2013","Apr 01, 2013","Jul 03, 2013",2025-06-26,Creative Team and Performance Data
https://www.ibdb.com/broadway-production/a-streetcar-named-desire-491729,A Streetcar Named Desire,Emily Mann,,Tennessee Williams,"Stephen C. Byrd,Alia M. Jones,Anthony Lacavera,BET Networks,Henry G. Jarecki,Simon Says EntertainmentandDancap Productions, Inc.","Apr 03, 2012","Apr 22, 2012","Jul 22, 2012",2025-06-26,Creative Team and Performance Data
https://www.ibdb.com/broadway-production/hugh-jackman-back-on-broadway-490814,"Hugh Jackman, Back on Broadway",Warren Carlyle,,,Robert FoxandThe Shubert Organization,"Oct 25, 2011","Nov 10, 2011","Jan 01, 2012",2025-06-26,Creative Team and Performance Data
https://www.ibdb.com/broadway-production/baby-its-you-489611,Baby It's You!,Floyd MutruxandSheldon Epps,Don Sebesky,Floyd MutruxandColin Escott,"Warner Bros. Theatre Ventures, Inc.andAmerican Pop Anthology","Mar 27, 2011","Apr 27, 2011","Sep 04, 2011",2025-06-26,Creative Team and Performance Data
https://www.ibdb.com/broadway-production/the-merchant-of-venice-488573,The Merchant of Venice,Daniel Sullivan,Dan Moses Schreier,William Shakespeare,The Joseph Papp Public Theater / New York Shakespeare Festival (Oskar Eustis: Artistic Director,"Oct 19, 2010","Nov 13, 2010","Feb 20, 2011",2025-06-26,Creative Team and Performance Data
https://www.ibdb.com/broadway-production/enron-485537,Enron,Rupert Goold,,Lucy Prebble,"Jeffrey Richards,Jerry Frankel,Matthew Byam Shaw,ACT Productions,Neal Street Productions,Beverly Bartner & Norman Tulchin,Lee Menzies,Bob Boyett,Scott M. Delman,INFINITY Stages,JK Productions,The Araca Group,Jamie deRoy,Mallory Factor,Michael Filerman,Ian Flooks,Ronald Frankel,James Fuld, Jr.,Dena Hammerstein,Sharon Karmazin,Cheryl Lachowicz,Ostar Productions,Parnassus Enterprise,Jon B. Platt,Judith Resnick,Daryl Roth,Stein and Gunderson Company,Anita Waxman,The Weinstein Company,Barry & Carole Kaye,Stewart F. Lane / Bonnie Comley,Barry & Fran WeisslerandThe Shubert Organization","Apr 08, 2010","Apr 27, 2010","May 09, 2010",2025-06-26,Creative Team and Performance Data
https://www.ibdb.com/broadway-production/hamlet-484340,Hamlet,Michael Grandage,,William Shakespeare,"Arielle Tepper Madover,The Donmar Warehouse (Michael Grandage, Artistic Director),Matthew Byam Shaw,Scott M. Delman,Stephanie P. McClelland,Neal Street Productions / Carl Moellenberg,Ruth Hendel / Barbara WhitmanandPhilip Morgaman / Frankie J. Grande","Sep 12, 2009","Oct 06, 2009","Dec 06, 2009",2025-06-26,Creative Team and Performance Data
https://www.ibdb.com/broadway-production/mary-stuart-481070,Mary Stuart,Phyllida Lloyd,,Friedrich Schiller,"Arielle Tepper Madover,Debra Black,Neal Street Productions / Matthew Byam Shaw,Scott M. Delman,Barbara Whitman,Jean Doumanian / Ruth Hendel,David Binder / CarlWend Productions / Spring SirkinandDaryl Roth / James L. Nederlander / Chase Mishkin","Mar 30, 2009","Apr 19, 2009","Aug 16, 2009",2025-06-26,Creative Team and Performance Data
https://www.ibdb.com/broadway-production/equus-478547,Equus,Thea Sharrock,,Peter Shaffer,"The Shubert Organization,Elizabeth I. McCann,Roger Berlind,John Gore,Hirschfeld Productions,Bill Kenwright,Emily Landau,Arielle Tepper Madover,Peter May,Chase MishkinandSpring Sirkin","Sep 05, 2008","Sep 25, 2008","Feb 08, 2009",2025-06-26,Creative Team and Performance Data
https://www.ibdb.com/broadway-production/cat-on-a-hot-tin-roof-474986,Cat on a Hot Tin Roof,Debbie Allen,,Tennessee Williams,"Front Row Productions,Stephen C. ByrdandAlia M. Jones","Feb 12, 2008","Mar 06, 2008","Jun 22, 2008",2025-06-26,Creative Team and Performance Data
https://www.ibdb.com/broadway-production/les-misrables-413358,Les Misérables,,Herbert Kretzmer,Alain BoublilandClaude-Michel Schönberg,Cameron Mackintosh,"Oct 24, 2006","Nov 09, 2006","Jan 06, 2008",2025-06-26,Creative Team and Performance Data
https://www.ibdb.com/broadway-production/the-history-boys-400540,The History Boys,Nicholas Hytner,,Alan Bennett,"Boyett Ostar Productions,Roger Berlind,Debra Black,Eric Falkenstein,Roy Furman,Stephanie McClelland,Judith Resnick,Scott Rudin,Jon Avnet,Ralph Guild,Dede Harris,Mort SwinskyandJam Theatricals","Apr 14, 2006","Apr 23, 2006","Oct 01, 2006",2025-06-26,Creative Team and Performance Data
https://www.ibdb.com/broadway-production/lennon-392133,Lennon,Don Scardino,John Lennon,Don Scardino,"Allan McKeown,Edgar Lansbury,Clear Channel EntertainmentandJeffrey Sine","Jul 07, 2005","Aug 14, 2005","Sep 24, 2005",2025-06-26,Creative Team and Performance Data
https://www.ibdb.com/broadway-production/700-sundays-383054,700 Sundays,Des McAnuff,,Billy Crystal,"Janice Crystal,Larry MagidandFace Productions","Nov 12, 2004","Dec 05, 2004","Jun 12, 2005",2025-06-26,Creative Team and Performance Data
https://www.ibdb.com/broadway-production/never-gonna-dance-13518,Never Gonna Dance,Michael Greif,Jerome Kern,Jeffrey Hatcher,"Weissberger Theater Group (Jay Harris, Producer),Edgar Bronfman, Jr.,James Walsh,Ted Hartley,RKOandHarvey Weinstein","Oct 27, 2003","Dec 04, 2003","Feb 15, 2004",2025-06-26,Creative Team and Performance Data
https://www.ibdb.com/broadway-production/urban-cowboy-13479,Urban Cowboy,Lonny Price,Jason Robert Brown,Aaron LathamandPhillip Oesterman,Chase MishkinandLeonard Soloway,"Feb 28, 2003","Mar 27, 2003","May 18, 2003",2025-06-26,Creative Team and Performance Data
https://www.ibdb.com/broadway-production/into-the-woods-13281,Into the Woods,James Lapine,Stephen Sondheim,James Lapine,"Dodger Theatricals,Stage Holding,Joop Van Den EndeandTheatreDreams / AEG Live","Apr 13, 2002","Apr 30, 2002","Dec 29, 2002",2025-06-26,Creative Team and Performance Data
https://www.ibdb.com/broadway-production/dance-of-death-12939,Dance of Death,Sean Mathias,,August Strindberg,"The Shubert Organization,Roger Berlind,USA OSTAR TheatricalsandChase Mishkin","Sep 18, 2001","Oct 11, 2001","Jan 13, 2002",2025-06-26,Creative Team and Performance Data
https://www.ibdb.com/broadway-production/fosse-5798,Fosse,"Richard Maltby, Jr.",Ralph BurnsandDouglas Besterman,,Livent (U.S.) Inc.,"Dec 26, 1998","Jan 14, 1999","Aug 25, 2001",2025-06-26,Creative Team and Performance Data
https://www.ibdb.com/broadway-production/jerry-seinfeld-live-on-broadway-4734,Jerry Seinfeld: Live On Broadway,,,Jerry Seinfeld,"Contemporary Productions, Inc.andHBO","Aug 05, 1998","Aug 05, 1998","Aug 09, 1998",2025-06-26,Creative Team and Performance Data
https://www.ibdb.com/broadway-production/the-judas-kiss-4869,The Judas Kiss,Richard Eyre,,David Hare,"Robert Fox,Scott Rudin,Roger Berlind,Joan CullmanandThe Shubert Organization","Apr 23, 1998","Apr 29, 1998","Aug 01, 1998",2025-06-26,Creative Team and Performance Data
https://www.ibdb.com/broadway-production/proposals-4758,Proposals,Joe Mantello,,Neil Simon,Emanuel Azenberg,"Oct 29, 1997","Nov 06, 1997","Jan 11, 1998",2025-06-26,Creative Team and Performance Data
https://www.ibdb.com/broadway-production/once-upon-a-mattress-5141,Once Upon a Mattress,Gerald Gutierrez,Marshall Barer,"Jay Thompson,Marshall BarerandDean Fuller",Dodger ProductionsandJoop Van Den Ende,"Nov 18, 1996","Dec 19, 1996","Jun 01, 1997",2025-06-26,Creative Team and Performance Data
https://www.ibdb.com/broadway-production/getting-away-with-murder-4322,Getting Away With Murder,Jack O'Brien,,Stephen SondheimandGeorge Furth,Roger Berlind,"Feb 20, 1996","Mar 17, 1996","Mar 31, 1996",2025-06-26,Creative Team and Performance Data
https://www.ibdb.com/broadway-production/the-tempest-4312,The Tempest,George C. Wolfe,,William Shakespeare,"The Joseph Papp Public Theater / New York Shakespeare Festival (George C. Wolfe, Producer)","Oct 10, 1995","Nov 01, 1995","Dec 31, 1995",2025-06-26,Creative Team and Performance Data
https://www.ibdb.com/broadway-production/kiss-of-the-spider-woman-4568,Kiss of the Spider Woman,Harold Prince,Fred Ebb,Terrence McNally,"Livent, Inc.","Apr 19, 1993","May 03, 1993","Jul 01, 1995",2025-06-26,Creative Team and Performance Data
https://www.ibdb.com/broadway-production/a-christmas-carol-4700,A Christmas Carol,,,Charles Dickens,Timothy Childs,"Dec 15, 1992","Dec 17, 1992","Jan 03, 1993",2025-06-26,Creative Team and Performance Data
https://www.ibdb.com/broadway-production/shimada-4682,Shimada,Simon Phillips,,Jill Shearer,"Paul B. Berkowsky,Richard Seader,Furuyama International, Inc.,Ellis WeatherlyandMike Weatherly","Apr 06, 1992","Apr 23, 1992","Apr 25, 1992",2025-06-26,Creative Team and Performance Data
https://www.ibdb.com/broadway-production/private-lives-4663,Private Lives,Arvin Brown,,Noël Coward,Charles H. Duggan,"Feb 11, 1992","Feb 20, 1992","Mar 22, 1992",2025-06-26,Creative Team and Performance Data
https://www.ibdb.com/broadway-production/andr-hellers-wonderhouse-4646,André Heller's Wonderhouse,André Heller,,,Mel Howard,"Oct 11, 1991","Oct 20, 1991","Oct 27, 1991",2025-06-26,Creative Team and Performance Data
https://www.ibdb.com/broadway-production/aspects-of-love-4559,Aspects of Love,Trevor Nunn,Don BlackandCharles Hart,,The Really Useful Theatre Company Ltd.,"Mar 19, 1990","Apr 08, 1990","Mar 02, 1991",2025-06-26,Creative Team and Performance Data
https://www.ibdb.com/broadway-production/rumors-4524,Rumors,Gene Saks,,Neil Simon,Emanuel Azenberg,"Nov 08, 1988","Nov 17, 1988","Feb 24, 1990",2025-06-26,Creative Team and Performance Data
https://www.ibdb.com/broadway-production/broadway-bound-4434,Broadway Bound,Gene Saks,,Neil Simon,Emanuel Azenberg,"Nov 25, 1986","Dec 04, 1986","Sep 25, 1988",2025-06-26,Creative Team and Performance Data
https://www.ibdb.com/broadway-production/the-life-and-adventures-of-nicholas-nickleby-4421,The Life and Adventures of Nicholas Nickleby,Trevor NunnandJohn Caird,,Charles Dickens,"The Shubert Organization,3 Knights Ltd.andRobert Fox Ltd.","Aug 20, 1986","Aug 24, 1986","Oct 12, 1986",2025-06-26,Creative Team and Performance Data
https://www.ibdb.com/broadway-production/long-days-journey-into-night-4410,Long Day's Journey Into Night,Jonathan Miller,,Eugene O'Neill,"Emanuel Azenberg,The Shubert Organization,Roger Peters,Roger BerlindandPACE Theatrical Group, Inc.","Apr 22, 1986","Apr 28, 1986","Jun 29, 1986",2025-06-26,Creative Team and Performance Data
https://www.ibdb.com/broadway-production/the-odd-couple-4375,The Odd Couple,Gene Saks,,Neil Simon,"Emanuel Azenberg,Wayne M. RogersandThe Shubert Organization","Jun 04, 1985","Jun 11, 1985","Feb 23, 1986",2025-06-26,Creative Team and Performance Data
https://www.ibdb.com/broadway-production/death-of-a-salesman-4459,Death of a Salesman,Michael Rudman,,Arthur Miller,Robert WhiteheadandRoger L. Stevens,"Mar 21, 1984","Mar 29, 1984","Nov 18, 1984",2025-06-26,Creative Team and Performance Data
https://www.ibdb.com/broadway-production/the-tap-dance-kid-4329,The Tap Dance Kid,Vivian Matalon,Robert Lorick,Charles Blackwell,"Stanley White,Evelyn Barron,Harvey J. KlarisandMichel Stuart","Nov 16, 1983","Dec 21, 1983","Aug 11, 1985",2025-06-26,Creative Team and Performance Data
https://www.ibdb.com/broadway-production/amadeus-4083,Amadeus,Peter Hall,,Peter Shaffer,"The Shubert Organization,Elizabeth I. McCann,Nelle NugentandRoger S. Berlind","Dec 11, 1980","Dec 17, 1980","Oct 16, 1983",2025-06-26,Creative Team and Performance Data
https://www.ibdb.com/broadway-production/dancin-4051,Dancin',Bob Fosse,Ralph Burns,,"Jules Fisher,The Shubert OrganizationandColumbia Pictures","Mar 16, 1978","Mar 27, 1978","Jun 27, 1982",2025-06-26,Creative Team and Performance Data
https://www.ibdb.com/broadway-production/sly-fox-3880,Sly Fox,Arthur Penn,,Larry Gelbart,"Sir Lew Grade,Martin StargerandThe Shubert Organization","Dec 07, 1976","Dec 14, 1976","Feb 19, 1978",2025-06-26,Creative Team and Performance Data
https://www.ibdb.com/broadway-production/a-texas-trilogy-the-oldest-living-graduate-13295,A Texas Trilogy: The Oldest Living Graduate,Alan Schneider,,Preston Jones,Robert WhiteheadandRoger L. Stevens,"Sep 17, 1976","Sep 23, 1976","Oct 29, 1976",2025-06-26,Creative Team and Performance Data
https://www.ibdb.com/broadway-production/a-texas-trilogy-the-last-meeting-of-the-knights-of-the-white-magnolia-3858,A Texas Trilogy: The Last Meeting of the Knights of the White Magnolia,Alan Schneider,,Preston Jones,Robert WhiteheadandRoger L. Stevens,"Sep 17, 1976","Sep 22, 1976","Oct 31, 1976",2025-06-26,Creative Team and Performance Data
https://www.ibdb.com/broadway-production/a-texas-trilogy-lu-ann-hampton-laverty-oberlander-13294,A Texas Trilogy: Lu Ann Hampton Laverty Oberlander,Alan Schneider,,Preston Jones,Robert WhiteheadandRoger L. Stevens,"Sep 17, 1976","Sep 21, 1976","Oct 30, 1976",2025-06-26,Creative Team and Performance Data
https://www.ibdb.com/broadway-production/godspell-3847,Godspell,John-Michael Tebelak,Stephen Schwartz,,"Edgar Lansbury,Stuart Duncan,Joseph BeruhandThe Shubert Organization","Jun 17, 1976","Jun 22, 1976","Sep 04, 1977",2025-06-26,Creative Team and Performance Data
https://www.ibdb.com/broadway-production/the-heiress-3986,The Heiress,George Keathley,,Ruth GoetzandAugustus Goetz,Steven BecklerandThomas C. Smith,"Apr 15, 1976","Apr 20, 1976","May 09, 1976",2025-06-26,Creative Team and Performance Data
https://www.ibdb.com/broadway-production/a-matter-of-gravity-3789,A Matter of Gravity,Noel Willman,,Enid Bagnold,"Robert Whitehead,Roger L. StevensandKonrad Matthaei","Feb 03, 1976","Feb 03, 1976","Apr 10, 1976",2025-06-26,Creative Team and Performance Data
https://www.ibdb.com/broadway-production/sherlock-holmes-3491,Sherlock Holmes,Frank Dunlop,,Arthur Conan DoyleandWilliam Gillette,"James M. Nederlander,The Shubert Organization,The John F. Kennedy Center for the Performing Arts,Adela Holzer,Eddie KulukundisandVictor Lurie","Nov 06, 1974","Nov 12, 1974","Jan 04, 1976",2025-06-26,Creative Team and Performance Data
https://www.ibdb.com/broadway-production/thieves-3325,Thieves,Charles Grodin,,Herb Gardner,Richard ScangaandCharles Grodin,"Mar 28, 1974","Apr 07, 1974","Jan 04, 1975",2025-06-26,Creative Team and Performance Data
https://www.ibdb.com/broadway-production/rachael-lily-rosenbloom-and-dont-you-ever-forget-it-1059,Rachael Lily Rosenbloom and Don't You Ever Forget It,Tom Eyen,Paul Jabara,Paul JabaraandTom Eyen,Robert StigwoodandAhmet Ertegun,"Nov 26, 1973",Never Officially Opened,"Dec 01, 1973",2025-06-26,Creative Team and Performance Data
https://www.ibdb.com/broadway-production/the-sunshine-boys-3160,The Sunshine Boys,Alan Arkin,,Neil Simon,Emanuel AzenbergandEugene V. Wolsk,"Dec 18, 1972","Dec 20, 1972","Apr 21, 1974",2025-06-26,Creative Team and Performance Data
https://www.ibdb.com/broadway-production/grease-3641,Grease,Tom Moore,Jim JacobsandWarren Casey,Jim JacobsandWarren Casey,Kenneth WaissmanandMaxine Fox,"Jan 29, 1972","Feb 14, 1972","Apr 13, 1980",2025-06-26,Creative Team and Performance Data
https://www.ibdb.com/broadway-production/vivat-vivat-regina-3637,Vivat!  Vivat Regina!,Peter Dews,,Robert Bolt,David MerrickandArthur Cantor,"Jan 20, 1972","Jan 20, 1972","Apr 29, 1972",2025-06-26,Creative Team and Performance Data
https://www.ibdb.com/broadway-production/twigs-3623,Twigs,,,,,,,,2025-06-26,Creative Team and Performance Data
https://www.ibdb.com/broadway-production/70-girls-70-3598,"70, Girls, 70",Paul Aaron,Fred Ebb,Fred EbbandNorman L. Martin,Arthur Whitelaw,"Apr 07, 1971","Apr 15, 1971","May 15, 1971",2025-06-26,Creative Team and Performance Data
https://www.ibdb.com/broadway-production/four-on-a-garden-13032,Four on a Garden,,,,,,,,2025-06-26,Creative Team and Performance Data
https://www.ibdb.com/broadway-production/private-lives-3306,Private Lives,Stephen Porter,,Noël Coward,David Merrick,"Dec 04, 1969","Dec 04, 1969","May 30, 1970",2025-06-26,Creative Team and Performance Data
https://www.ibdb.com/broadway-production/cry-for-us-all-3522,Cry for Us All,Albert Marre,Phyllis RobinsonandWilliam Alfred,William AlfredandAlbert Marre,Mitch Leigh,"Apr 08, 1970","Apr 08, 1970","Apr 15, 1970",2025-06-26,Creative Team and Performance Data
https://www.ibdb.com/broadway-production/play-it-again-sam-2849,"Play It Again, Sam",Joseph Hardy,,Woody Allen,David Merrick,"Feb 12, 1969","Feb 12, 1969","Mar 14, 1970",2025-06-26,Creative Team and Performance Data
https://www.ibdb.com/broadway-production/the-fig-leaves-are-falling-3446,The Fig Leaves Are Falling,George Abbott,Allan Sherman,Allan Sherman,"Joseph Harris,Lawrence CarrandJohn Bowab","Jan 02, 1969","Jan 02, 1969","Jan 06, 1969",2025-06-26,Creative Team and Performance Data
https://www.ibdb.com/broadway-production/you-know-i-cant-hear-you-when-the-waters-running-3070,You Know I Can't Hear You When the Water's Running,,,,,,,,2025-06-26,Creative Team and Performance Data
https://www.ibdb.com/broadway-production/the-only-game-in-town-3398,The Only Game in Town,Barry Nelson,Don Elliott,Frank D. Gilroy,Edgar Lansbury,"May 17, 1968","May 20, 1968","Jun 01, 1968",2025-06-26,Creative Team and Performance Data
https://www.ibdb.com/broadway-production/weekend-3149,Weekend,Joseph Anthony,,Gore Vidal,Saint SubberandLester Osterman,"Mar 11, 1968","Mar 13, 1968","Mar 30, 1968",2025-06-26,Creative Team and Performance Data
https://www.ibdb.com/broadway-production/more-stately-mansions-3373,More Stately Mansions,José Quintero,,Eugene O'Neill,Elliot Martin,"Oct 26, 1967","Oct 31, 1967","Mar 02, 1968",2025-06-26,Creative Team and Performance Data
https://www.ibdb.com/broadway-production/little-murders-2939,Little Murders,George L. Sherman,,Jules Feiffer,Alexander H. Cohen,"Apr 10, 1967","Apr 25, 1967","Apr 29, 1967",2025-06-26,Creative Team and Performance Data
https://www.ibdb.com/broadway-production/cabaret-3348,Cabaret,Harold Prince,Fred Ebb,Joe Masteroff,Harold Prince,"Nov 02, 1966","Nov 20, 1966","Sep 06, 1969",2025-06-26,Creative Team and Performance Data
https://www.ibdb.com/broadway-production/luv-2832,Luv,Mike Nichols,,Murray Schisgal,Claire Nichtern,"Oct 16, 1964","Nov 11, 1964","Jan 07, 1967",2025-06-26,Creative Team and Performance Data
https://www.ibdb.com/broadway-production/half-a-sixpence-3236,Half a Sixpence,Gene Saks,David Heneker,Beverley Cross,"Allen-Hodgdon, Inc.,Stevens Productions, Inc.andHarold Fielding","Apr 22, 1965","Apr 25, 1965","Jul 16, 1966",2025-06-26,Creative Team and Performance Data
https://www.ibdb.com/broadway-production/kelly-3225,Kelly,Herbert Ross,Eddie Lawrence,Eddie Lawrence,David SusskindandDaniel Melnick,"Feb 01, 1965","Feb 06, 1965","Feb 06, 1965",2025-06-26,Creative Team and Performance Data
https://www.ibdb.com/broadway-production/oh-what-a-lovely-war-3214,Oh What a Lovely War,Joan Littlewood,,"Charles ChiltonandTheatre Workshop, Inc.","David Merrick,Gerry RafflesandTheatre Workshop, Inc.","Sep 29, 1964","Sep 30, 1964","Jan 16, 1965",2025-06-26,Creative Team and Performance Data
https://www.ibdb.com/broadway-production/110-in-the-shade-3037,110 in the Shade,Joseph Anthony,Tom Jones,N. Richard Nash,David Merrick,"Oct 23, 1963","Oct 24, 1963","Aug 08, 1964",2025-06-26,Creative Team and Performance Data
https://www.ibdb.com/broadway-production/no-strings-2770,No Strings,Joe Layton,Richard Rodgers,Samuel Taylor,Richard Rodgers,"Mar 14, 1962","Mar 15, 1962","Aug 03, 1963",2025-06-26,Creative Team and Performance Data
https://www.ibdb.com/broadway-production/bravo-giovanni-2783,Bravo Giovanni,Stanley Prager,Ronny Graham,A. J. Russell,Philip Rose,"May 17, 1962","May 19, 1962","Sep 15, 1962",2025-06-26,Creative Team and Performance Data
https://www.ibdb.com/broadway-production/my-fair-lady-2407,My Fair Lady,Moss Hart,Alan Jay Lerner,Alan Jay Lerner,Herman Levin,"Mar 15, 1956","Mar 15, 1956","Sep 29, 1962",2025-06-26,Creative Team and Performance Data
https://www.ibdb.com/broadway-production/sail-away-2878,Sail Away,Noël Coward,Noël Coward,Noël Coward,Bonard Productions,"Oct 02, 1961","Oct 03, 1961","Feb 24, 1962",2025-06-26,Creative Team and Performance Data
https://www.ibdb.com/broadway-production/a-call-on-kuprin-2310,A Call on Kuprin,George Abbott,,Jerome LawrenceandRobert E. Lee,Robert E. GriffithandHarold S. Prince,"May 25, 1961","May 25, 1961","Jun 03, 1961",2025-06-26,Creative Team and Performance Data
https://www.ibdb.com/broadway-production/fiorello-2798,Fiorello!,,,,,,,,2025-06-26,Creative Team and Performance Data
https://www.ibdb.com/broadway-production/the-world-of-suzie-wong-2699,The World of Suzie Wong,Joshua Logan,,Paul Osborn,"David Merrick,Seven Arts ProductionsandMansfield Prods.","Oct 14, 1958","Oct 14, 1958","Jan 02, 1960",2025-06-26,Creative Team and Performance Data
https://www.ibdb.com/broadway-production/auntie-mame-2577,Auntie Mame,Morton Da Costa,,Jerome LawrenceandRobert E. Lee,Robert FryerandLawrence Carr,"Oct 31, 1956","Oct 31, 1956","Jun 28, 1958",2025-06-26,Creative Team and Performance Data
https://www.ibdb.com/broadway-production/the-desk-set-2544,The Desk Set,Joseph Fields,,William Marchant,Robert FryerandLawrence Carr,"Oct 24, 1955","Oct 24, 1955","Jul 07, 1956",2025-06-26,Creative Team and Performance Data
https://www.ibdb.com/broadway-production/lunatics-and-lovers-2484,Lunatics and Lovers,,,Sidney Kingsley,M. Kirshner,"Dec 13, 1954","Dec 13, 1954","Oct 01, 1955",2025-06-26,Creative Team and Performance Data
https://www.ibdb.com/broadway-production/anniversary-waltz-2447,Anniversary Waltz,Moss Hart,,Jerome ChodorovandJoseph Fields,Joseph M. HymanandBernard Hart,"Apr 07, 1954","Apr 07, 1954","Sep 24, 1955",2025-06-26,Creative Team and Performance Data
https://www.ibdb.com/broadway-production/the-prescott-proposals-2423,The Prescott Proposals,Howard Lindsay,,Howard LindsayandRussel Crouse,Leland Hayward,"Dec 16, 1953","Dec 16, 1953","Apr 03, 1954",2025-06-26,Creative Team and Performance Data
https://www.ibdb.com/broadway-production/don-juan-tenorio-13347,Don Juan Tenorio,,,José Zorrilla,Spanish Theatre Repertory Company,"Nov 19, 1953","Nov 19, 1953","Dec 12, 1953",2025-06-26,Creative Team and Performance Data
https://www.ibdb.com/broadway-production/el-alcalde-de-zalamea-13348,El Alcalde de Zalamea,,,Calderón,Spanish Theatre Repertory Company,"Nov 19, 1953","Nov 19, 1953","Dec 12, 1953",2025-06-26,Creative Team and Performance Data
https://www.ibdb.com/broadway-production/la-vida-es-sueo-13349,La Vida es Sueño,,,Calderón,Spanish Theatre Repertory Company,"Nov 19, 1953","Nov 19, 1953","Dec 12, 1953",2025-06-26,Creative Team and Performance Data
https://www.ibdb.com/broadway-production/reinar-duspus-de-morir-13350,Reinar Duspués de Morir,,,Guevara,Spanish Theatre Repertory Company,"Nov 19, 1953","Nov 19, 1953","Dec 12, 1953",2025-06-26,Creative Team and Performance Data
https://www.ibdb.com/broadway-production/el-cardenal-13351,El Cardenal,,,Luis N. Parker,Spanish Theatre Repertory Company,"Nov 19, 1953","Nov 19, 1953","Dec 12, 1953",2025-06-26,Creative Team and Performance Data
https://www.ibdb.com/broadway-production/cyrano-de-bergerac-13352,Cyrano de Bergerac,,,Edmond Rostand,Spanish Theatre Repertory Company,"Nov 19, 1953","Nov 19, 1953","Dec 12, 1953",2025-06-26,Creative Team and Performance Data
https://www.ibdb.com/broadway-production/la-otra-honra-13353,La Otra Honra,,,Jacinto Benavente,Spanish Theatre Repertory Company,"Nov 19, 1953","Nov 19, 1953","Dec 12, 1953",2025-06-26,Creative Team and Performance Data
https://www.ibdb.com/broadway-production/the-frogs-of-spring-2378,The Frogs of Spring,,,Nathaniel Benchley,Lyn AustinandThomas Noyes,"Oct 20, 1953","Oct 20, 1953","Oct 31, 1953",2025-06-26,Creative Team and Performance Data
https://www.ibdb.com/broadway-production/the-strong-are-lonely-2371,The Strong Are Lonely,,,Fritz Hochwalder,"Walter P. Chrysler, Jr.","Sep 29, 1953","Sep 29, 1953","Oct 03, 1953",2025-06-26,Creative Team and Performance Data
https://www.ibdb.com/broadway-production/the-love-of-four-colonels-2208,The Love of Four Colonels,Rex Harrison,,Peter Ustinov,"The Theatre Guild (Theresa Helburn, Lawrence Langner: Administrative Directors),AldrichandMeyers","Jan 15, 1953","Jan 15, 1953","May 16, 1953",2025-06-26,Creative Team and Performance Data
https://www.ibdb.com/broadway-production/pal-joey-2165,Pal Joey,David Alexander,Lorenz Hart,John O'Hara,Jule StyneandLeonard Key,"Jan 03, 1952","Jan 03, 1952","Apr 18, 1953",2025-06-26,Creative Team and Performance Data
https://www.ibdb.com/broadway-production/seventeen-1950,Seventeen,Richard Whorf,Kim Gannon,Sally Benson,"Milton Berle,Sammy LambertandBernie Foyer","Jun 21, 1951","Jun 21, 1951","Nov 24, 1951",2025-06-26,Creative Team and Performance Data
https://www.ibdb.com/broadway-production/flahooley-1947,Flahooley,E.Y. HarburgandFred Saidy,E.Y. Harburg,E.Y. HarburgandFred Saidy,Cheryl Crawford,"May 14, 1951","May 14, 1951","Jun 16, 1951",2025-06-26,Creative Team and Performance Data
https://www.ibdb.com/broadway-production/romeo-and-juliet-1930,Romeo and Juliet,Peter Glenville,,William Shakespeare,Dwight Deere Wiman,"Mar 10, 1951","Mar 10, 1951","Apr 21, 1951",2025-06-26,Creative Team and Performance Data
https://www.ibdb.com/broadway-production/ti-coq-1915,Ti-Coq,FridolinandGratien Gélinas,Maurice Blackburn,Fridolin,Fridolin ProdsandGratien Gélinas,"Feb 09, 1951","Feb 09, 1951","Feb 10, 1951",2025-06-26,Creative Team and Performance Data
https://www.ibdb.com/broadway-production/an-enemy-of-the-people-1901,An Enemy of the People,Robert Lewis,,Henrik Ibsen,Lars Nordenson,"Dec 28, 1950","Dec 28, 1950","Jan 27, 1951",2025-06-26,Creative Team and Performance Data
https://www.ibdb.com/broadway-production/roland-petits-les-ballets-de-paris-1814,Roland Petit's Les Ballets de Paris,,,,,,,,2025-06-26,Creative Team and Performance Data
https://www.ibdb.com/broadway-production/the-barrier-1879,The Barrier,,Langston Hughes,Langston Hughes,Michael MyerbergandJoel Spector,"Nov 02, 1950","Nov 02, 1950","Nov 04, 1950",2025-06-26,Creative Team and Performance Data
https://www.ibdb.com/broadway-production/burning-bright-1872,Burning Bright,,,John Steinbeck,Richard RodgersandOscar Hammerstein II,"Oct 18, 1950","Oct 18, 1950","Oct 28, 1950",2025-06-26,Creative Team and Performance Data
https://www.ibdb.com/broadway-production/detective-story-1826,Detective Story,,,Sidney S. Kingsley,Howard LindsayandRussel Crouse,"Mar 23, 1949","Mar 23, 1949","Aug 12, 1950",2025-06-26,Creative Team and Performance Data
https://www.ibdb.com/broadway-production/the-liar-2146,The Liar,Alfred Drake,Edward Eager,Alfred DrakeandEdward Eager,Dorothy WillardandThomas Hammond,"May 18, 1950","May 18, 1950","May 27, 1950",2025-06-26,Creative Team and Performance Data
https://www.ibdb.com/broadway-production/now-i-lay-me-down-to-sleep-2135,Now I Lay Me Down to Sleep,,,Elaine Ryan,Nancy SternandGeorge Nichols III,"Mar 02, 1950","Mar 02, 1950","Apr 08, 1950",2025-06-26,Creative Team and Performance Data
https://www.ibdb.com/broadway-production/touch-and-go-2124,Touch and Go,Walter Kerr,Jean KerrandWalter Kerr,,George Hall,"Oct 13, 1949","Oct 13, 1949","Mar 18, 1950",2025-06-26,Creative Team and Performance Data
https://www.ibdb.com/broadway-production/lend-an-ear-2046,Lend an Ear,Hal Gerson,Charles Gaynor,Charles Gaynor,"William R. Katzell,Franklin GilbertandWilliam Eythe","Dec 16, 1948","Dec 16, 1948","Jan 21, 1950",2025-06-26,Creative Team and Performance Data
https://www.ibdb.com/broadway-production/along-fifth-avenue-2056,Along Fifth Avenue,,Tom Adair,,Arthur Lesser,"Jan 13, 1949","Jan 13, 1949","Jun 18, 1949",2025-06-26,Creative Team and Performance Data
https://www.ibdb.com/broadway-production/make-mine-manhattan-1639,Make Mine Manhattan,,Arnold B. Horwitt,Arnold B. Horwitt,Joseph M. Hyman,"Jan 15, 1948","Jan 15, 1948","Jan 08, 1949",2025-06-26,Creative Team and Performance Data
https://www.ibdb.com/broadway-production/happy-birthday-1474,Happy Birthday,Joshua Logan,,Anita Loos,Richard RodgersandOscar Hammerstein II,"Oct 31, 1946","Oct 31, 1946","Mar 13, 1948",2025-06-26,Creative Team and Performance Data
https://www.ibdb.com/broadway-production/three-to-make-ready-1777,Three to Make Ready,Margaret Webster,Morgan Lewis,,Stanley GilkeyandBarbara Payne,"Mar 07, 1946","Mar 07, 1946","Dec 14, 1946",2025-06-26,Creative Team and Performance Data
https://www.ibdb.com/broadway-production/follow-the-girls-1410,Follow the Girls,,"Dan Shapiro,Milton PascalandPhil Charig",Guy BoltonandEddie Davis,Dave Wolper,"Apr 08, 1944","Apr 08, 1944","May 18, 1946",2025-06-26,Creative Team and Performance Data
https://www.ibdb.com/broadway-production/too-hot-for-maneuvers-1697,Too Hot for Maneuvers,Les WhiteandBud Pearson,,Les WhiteandBud Pearson,James S. Elliott,"May 02, 1945","May 02, 1945","May 06, 1945",2025-06-26,Creative Team and Performance Data
https://www.ibdb.com/broadway-production/lady-in-danger-1690,Lady in Danger,,,Max AffordandAlexander Kirkland,Pat AllenandDan Fisher,"Mar 29, 1945","Mar 29, 1945","Apr 07, 1945",2025-06-26,Creative Team and Performance Data
https://www.ibdb.com/broadway-production/a-lady-says-yes-1664,A Lady Says Yes,,Stanley Adams,Clayton Ashley,J. J. Shubert,"Jan 10, 1945","Jan 10, 1945","Mar 25, 1945",2025-06-26,Creative Team and Performance Data
https://www.ibdb.com/broadway-production/ten-little-indians-1316,Ten Little Indians,Albert De Courville,,Agatha Christie,Messrs. Shubert (Lee and J. J.)andAlbert De Courville,"Jun 27, 1944","Jun 27, 1944","Jun 30, 1945",2025-06-26,Creative Team and Performance Data
https://www.ibdb.com/broadway-production/take-a-bow-1313,Take a Bow,Wally Wanger,Benny Davis,,Lou Walters,"Jun 15, 1944","Jun 15, 1944","Jun 24, 1944",2025-06-26,Creative Team and Performance Data
https://www.ibdb.com/broadway-production/early-to-bed-1296,Early to Bed,,"George Marion, Jr.","George Marion, Jr.",Richard Kollmar,"Jun 17, 1943","Jun 17, 1943","May 13, 1944",2025-06-26,Creative Team and Performance Data
https://www.ibdb.com/broadway-production/show-time-1218,Show Time,,,Fred F. Finklehoffe,Fred F. Finklehoffe,"Sep 16, 1942","Sep 16, 1942","Apr 03, 1943",2025-06-26,Creative Team and Performance Data
https://www.ibdb.com/broadway-production/uncle-harry-1197,Uncle Harry,,,Thomas Job,Clifford Hayman,"May 20, 1942","May 20, 1942","May 09, 1943",2025-06-26,Creative Team and Performance Data
https://www.ibdb.com/broadway-production/the-life-of-reilly-1192,The Life of Reilly,Roy Hargrave,,William Roos,Day TuttleandHarald Bromley,"Apr 29, 1942","Apr 29, 1942","May 02, 1942",2025-06-26,Creative Team and Performance Data
https://www.ibdb.com/broadway-production/high-kickers-1124,High Kickers,Edward Sobol,Bert KalmarandHarry Ruby,"George Jessel,Bert KalmarandHarry Ruby",Alfred BloomingdaleandGeorge Jessel,"Oct 31, 1941","Oct 31, 1941","Mar 28, 1942",2025-06-26,Creative Team and Performance Data
https://www.ibdb.com/broadway-production/old-acquaintance-1044,Old Acquaintance,,,John Van Druten,Dwight Deere Wiman,"Dec 23, 1940","Dec 23, 1940","May 17, 1941",2025-06-26,Creative Team and Performance Data
https://www.ibdb.com/broadway-production/boys-and-girls-together-1017,Boys and Girls Together,,Jack YellenandIrving Kahal,,Ed Wynn,"Oct 01, 1940","Oct 01, 1940","Mar 15, 1941",2025-06-26,Creative Team and Performance Data
https://www.ibdb.com/broadway-production/keep-off-the-grass-12988,Keep Off the Grass,Fred De Cordova,Al DubinandHoward Dietz,,Messrs. Shubert (Lee and J. J.),"May 23, 1940","May 23, 1940","Jun 29, 1940",2025-06-26,Creative Team and Performance Data
https://www.ibdb.com/broadway-production/night-music-13233,Night Music,,,Clifford Odets,The Group Theatre,"Feb 22, 1940","Feb 22, 1940","Mar 09, 1940",2025-06-26,Creative Team and Performance Data
https://www.ibdb.com/broadway-production/two-on-an-island-13226,Two On An Island,,,Elmer Rice,The Playwrights' Company (Maxwell Anderson,"Jan 22, 1940","Jan 22, 1940","Apr 13, 1940",2025-06-26,Creative Team and Performance Data
https://www.ibdb.com/broadway-production/streets-of-paris-12880,Streets of Paris,Edward Duryea Dowling,Al Dubin,,Messrs. Shubert (Lee and J. J.),"Jun 19, 1939","Jun 19, 1939","Feb 10, 1940",2025-06-26,Creative Team and Performance Data
https://www.ibdb.com/broadway-production/the-hot-mikado-12440,The Hot Mikado,Hassard Short,W. S. Gilbert,W. S. Gilbert,Michael Todd,"Mar 23, 1939","Mar 23, 1939","Jun 03, 1939",2025-06-26,Creative Team and Performance Data
https://www.ibdb.com/broadway-production/dear-octopus-12415,Dear Octopus,,,Dodie Smith,John C. Wilson,"Jan 11, 1939","Jan 11, 1939",Feb 1939,2025-06-26,Creative Team and Performance Data
https://www.ibdb.com/broadway-production/the-fabulous-invalid-12386,The Fabulous Invalid,,,Moss HartandGeorge S. Kaufman,Sam H. Harris,"Oct 08, 1938","Oct 08, 1938","Dec 03, 1938",2025-06-26,Creative Team and Performance Data
https://www.ibdb.com/broadway-production/the-man-from-cairo-12348,The Man from Cairo,,,Dan Goldberg,Michael Todd,"May 04, 1938","May 04, 1938",May 1938,2025-06-26,Creative Team and Performance Data
https://www.ibdb.com/broadway-production/a-dolls-house-12335,A Doll's House,,,Henrik Ibsen,Jed Harris,"Dec 27, 1937","Dec 27, 1937","Apr 30, 1938",2025-06-26,Creative Team and Performance Data
https://www.ibdb.com/broadway-production/yr-obedient-husband-10709,Yr. Obedient Husband,,,Horace Jackson,"Marwell Production, Inc.","Jan 10, 1938","Jan 10, 1938",Jan 1938,2025-06-26,Creative Team and Performance Data
https://www.ibdb.com/broadway-production/madame-bovary-12314,Madame Bovary,,,Benn W. Levy,The Theatre Guild,"Nov 16, 1937","Nov 16, 1937",Dec 1937,2025-06-26,Creative Team and Performance Data
https://www.ibdb.com/broadway-production/victoria-regina-12142,Victoria Regina,,,Laurence Housman,Gilbert Miller,"Aug 31, 1936","Aug 31, 1936",Jun 1937,2025-06-26,Creative Team and Performance Data
https://www.ibdb.com/broadway-production/victoria-regina-12049,Victoria Regina,,Alexander Haas,Laurence Housman,Gilbert Miller,"Dec 26, 1935","Dec 26, 1935",Jun 1936,2025-06-26,Creative Team and Performance Data
https://www.ibdb.com/broadway-production/let-freedom-ring-12020,Let Freedom Ring,,,Albert Bein,Albert BeinandJack Goldsmith,"Nov 06, 1935","Nov 06, 1935",Feb 1936,2025-06-26,Creative Team and Performance Data
https://www.ibdb.com/broadway-production/lifes-too-short-11986,Life's Too Short,,,John WhedonandArthur Caplan,Jed Harris,"Sep 20, 1935","Sep 20, 1935",Sep 1935,2025-06-26,Creative Team and Performance Data
https://www.ibdb.com/broadway-production/the-petrified-forest-7922,The Petrified Forest,,,Robert Emmet Sherwood,Gilbert MillerandLeslie Howard,"Jan 07, 1935","Jan 07, 1935",Jun 1935,2025-06-26,Creative Team and Performance Data
https://www.ibdb.com/broadway-production/laiglon-11933,L'Aiglon,Eva Le Gallienne,,Edmond Rostand,Arch SelwynandHarold B. Franklin,"Nov 03, 1934","Nov 03, 1934",Dec 1934,2025-06-26,Creative Team and Performance Data
https://www.ibdb.com/broadway-production/the-red-cat-11916,The Red Cat,,,Rudolf LotharandHans Adler,A. H. Woods,"Sep 19, 1934","Sep 19, 1934","Sep 29, 1934",2025-06-26,Creative Team and Performance Data
https://www.ibdb.com/broadway-production/men-in-white-11758,Men in White,Lee Strasberg,,Sidney S. Kingsley,"The Group Theatre,Sidney HarmonandJames R. Ullman","Sep 26, 1933","Sep 26, 1933",Jul 1934,2025-06-26,Creative Team and Performance Data
https://www.ibdb.com/broadway-production/tattle-tales-9708,Tattle Tales,,"George Waggoner,Leo Robin,Edward Eliscu,William Walsh,Frank Fay,Willard RobisonandHoward Jackson",,Frank Fay,"Jun 01, 1933","Jun 01, 1933","Jun 24, 1933",2025-06-26,Creative Team and Performance Data
https://www.ibdb.com/broadway-production/twentieth-century-11702,Twentieth Century,,,Ben HechtandCharles MacArthur,George AbbottandPhilip Dunning,"Dec 29, 1932","Dec 29, 1932","May 20, 1933",2025-06-26,Creative Team and Performance Data
https://www.ibdb.com/broadway-production/the-mad-hopes-11689,The Mad Hopes,,,Romney Brent,"Bela Blau, Inc.","Dec 01, 1932","Dec 01, 1932",Dec 1932,2025-06-26,Creative Team and Performance Data
https://www.ibdb.com/broadway-production/rendezvous-11644,Rendezvous,,,Barton MacLane,Arthur Hopkins,"Oct 12, 1932","Oct 12, 1932",Oct 1932,2025-06-26,Creative Team and Performance Data
https://www.ibdb.com/broadway-production/the-man-who-reclaimed-his-head-11620,The Man Who Reclaimed His Head,Herbert J. Biberman,,Jean Bart,Arthur HammersteinandL. Lawrence Weber,"Sep 08, 1932","Sep 08, 1932","Oct 01, 1932",2025-06-26,Creative Team and Performance Data
https://www.ibdb.com/broadway-production/the-man-who-changed-his-name-11536,The Man Who Changed His Name,,,Edgar Wallace,Edwal Productions Company,"May 02, 1932","May 02, 1932",Jun 1932,2025-06-26,Creative Team and Performance Data
https://www.ibdb.com/broadway-production/the-animal-kingdom-11486,The Animal Kingdom,,,Philip Barry,Gilbert MillerandLeslie Howard,"Jan 12, 1932","Jan 12, 1932",Jun 1932,2025-06-26,Creative Team and Performance Data
https://www.ibdb.com/broadway-production/hamlet-10403,Hamlet,,Ruth White Wertheim,William Shakespeare,"New York Producing Association, Inc.","Nov 05, 1931","Nov 05, 1931","Nov 28, 1931",2025-06-26,Creative Team and Performance Data
https://www.ibdb.com/broadway-production/just-to-remind-you-11404,Just to Remind You,,,Owen Davis,Sam H. Harris,"Sep 07, 1931","Sep 07, 1931",Sep 1931,2025-06-26,Creative Team and Performance Data
https://www.ibdb.com/broadway-production/americas-sweetheart-11318,America's Sweetheart,Monty Woolley,Lorenz Hart,Herbert Fields,Laurence SchwabandFrank Mandel,"Feb 10, 1931","Feb 10, 1931","Jun 06, 1931",2025-06-26,Creative Team and Performance Data
https://www.ibdb.com/broadway-production/an-affair-of-state-11271,An Affair of State,Moffat Johnston,,Robert L. Buckner,Benjamin David,"Nov 19, 1930","Nov 19, 1930",Dec 1930,2025-06-26,Creative Team and Performance Data
https://www.ibdb.com/broadway-production/mr-gilhooley-11152,Mr. Gilhooley,,,Frank B. Elser,Jed Harris,"Sep 30, 1930","Sep 30, 1930",Oct 1930,2025-06-26,Creative Team and Performance Data
https://www.ibdb.com/broadway-production/first-mortgage-10952,First Mortgage,,,Louis Weitzenkorn,W. P. FarnsworthandH. M. Hayman,"Oct 29, 1929","Oct 29, 1929",Nov 1929,2025-06-26,Creative Team and Performance Data
https://www.ibdb.com/broadway-production/june-moon-10951,June Moon,,,Ring LardnerandGeorge S. Kaufman,Sam H. Harris,"Oct 09, 1929","Oct 09, 1929","Jun 04, 1930",2025-06-26,Creative Team and Performance Data
https://www.ibdb.com/broadway-production/hold-everything-10743,Hold Everything,Jack HaskellandSam Rose,Lew BrownandB.G. DeSylva,John McGowanandB.G. DeSylva,Alex. A. AaronsandVinton Freedley,"Oct 10, 1928","Oct 10, 1928","Oct 05, 1929",2025-06-26,Creative Team and Performance Data
https://www.ibdb.com/broadway-production/ringside-10665,Ringside,,,"Edward E. Paramore, Jr.,Hyatt DaabandGeorge Abbott",Gene Buck,"Aug 29, 1928","Aug 29, 1928",Sep 1928,2025-06-26,Creative Team and Performance Data
https://www.ibdb.com/broadway-production/heres-howe-10637,Here's Howe,,Irving Caesar,Fred ThompsonandPaul Gerard Smith,Alex. A. AaronsandVinton Freedley,"May 01, 1928","May 01, 1928","Jun 30, 1928",2025-06-26,Creative Team and Performance Data
https://www.ibdb.com/broadway-production/the-buzzard-10607,The Buzzard,,,Courtenay Savage,"Knox Winslow, Inc.","Mar 14, 1928","Mar 14, 1928",Mar 1928,2025-06-26,Creative Team and Performance Data
https://www.ibdb.com/broadway-production/the-merchant-of-venice-10554,The Merchant of Venice,Winthrop Ames,,William Shakespeare,Winthrop Ames,"Jan 16, 1928","Jan 16, 1928",Mar 1928,2025-06-26,Creative Team and Performance Data
https://www.ibdb.com/broadway-production/broadway-10121,Broadway,Philip DunningandGeorge Abbott,,Philip DunningandGeorge Abbott,Jed Harris,"Sep 16, 1926","Sep 16, 1926","Feb 11, 1928",2025-06-26,Creative Team and Performance Data
https://www.ibdb.com/broadway-production/bunk-of-1926-10004,Bunk of 1926,,Gene LockhartandPercy Waxman,Gene LockhartandPercy Waxman,"Talbot Productions, Inc.","Feb 16, 1926","Feb 16, 1926",May 1926,2025-06-26,Creative Team and Performance Data
https://www.ibdb.com/broadway-production/glory-hallelujah-10040,Glory Hallelujah,,,Bertram BlochandThomas Mitchell,Guthrie McClintic,"Apr 06, 1926","Apr 06, 1926",Apr 1926,2025-06-26,Creative Team and Performance Data
https://www.ibdb.com/broadway-production/the-green-hat-9898,The Green Hat,,,Michael Arlen,A. H. Woods,"Sep 15, 1925","Sep 15, 1925",Feb 1926,2025-06-26,Creative Team and Performance Data
https://www.ibdb.com/broadway-production/man-or-devil-9864,Man or Devil,,,Jerome K. Jerome,Messrs. Shubert (Lee and J. J.),"May 21, 1925","May 21, 1925",Jun 1925,2025-06-26,Creative Team and Performance Data
https://www.ibdb.com/broadway-production/taps-8955,Taps,,,Franz Adam Beyerlein,Messrs. Shubert (Lee and J. J.),"Apr 14, 1925","Apr 14, 1925",May 1925,2025-06-26,Creative Team and Performance Data
https://www.ibdb.com/broadway-production/starlight-9664,Starlight,,,Gladys Unger,Frank Egan,"Mar 03, 1925","Mar 03, 1925",May 1925,2025-06-26,Creative Team and Performance Data
https://www.ibdb.com/broadway-production/the-depths-8948,The Depths,,,Hans Mueller,Arch Selwyn,"Jan 27, 1925","Jan 27, 1925",Feb 1925,2025-06-26,Creative Team and Performance Data
https://www.ibdb.com/broadway-production/dixie-to-broadway-9611,Dixie to Broadway,,Grant ClarkeandRoy Turk,"Walter De Leon,Tom Howard,Lew LeslieandSidney Lazarus",Lew Leslie,"Oct 29, 1924","Oct 29, 1924",Jan 1925,2025-06-26,Creative Team and Performance Data
https://www.ibdb.com/broadway-production/the-red-falcon-9594,The Red Falcon,,,Lillian Trimble BradleyandGeorge Broadhurst,George Broadhurst,"Oct 07, 1924","Oct 07, 1924",Oct 1924,2025-06-26,Creative Team and Performance Data
https://www.ibdb.com/broadway-production/izzy-9575,Izzy,,,Lillian Trimble BradleyandGeorge Broadhurst,George Broadhurst,"Sep 16, 1924","Sep 16, 1924",Nov 1924,2025-06-26,Creative Team and Performance Data
https://www.ibdb.com/broadway-production/beggar-on-horseback-9475,Beggar on Horseback,,,George S. KaufmanandMarc Connelly,Winthrop Ames,"Feb 12, 1924","Feb 12, 1924","Aug 23, 1924",2025-06-26,Creative Team and Performance Data
https://www.ibdb.com/broadway-production/topics-of-1923-7076,Topics of 1923,J. C. Huffman,Harold Atteridge,Harold AtteridgeandHarry Wagstaff Gribble,Messrs. Shubert (Lee and J. J.),"Nov 20, 1923","Nov 20, 1923","Mar 22, 1924",2025-06-26,Creative Team and Performance Data
https://www.ibdb.com/broadway-production/the-dancers-9294,The Dancers,,,Gerald Du Maurier,Messrs. Shubert (Lee and J. J.),"Oct 17, 1923","Oct 17, 1923",Feb 1924,2025-06-26,Creative Team and Performance Data
https://www.ibdb.com/broadway-production/the-good-old-days-8355,The Good Old Days,Howard LindsayandAaron Hoffman,,Aaron Hoffman,A. H. Woods,"Aug 14, 1923","Aug 14, 1923",Oct 1923,2025-06-26,Creative Team and Performance Data
https://www.ibdb.com/broadway-production/the-lady-cristilinda-9175,The Lady Cristilinda,,,Monckton Hoffe,"William H. Harris, Jr.","Dec 25, 1922","Dec 25, 1922",Jan 1923,2025-06-26,Creative Team and Performance Data
https://www.ibdb.com/broadway-production/springtime-of-youth-9140,Springtime of Youth,,Harry B. SmithandCyrus Wood,,Messrs. Shubert (Lee and J. J.),"Oct 26, 1922","Oct 26, 1922","Dec 23, 1922",2025-06-26,Creative Team and Performance Data
https://www.ibdb.com/broadway-production/the-faithful-heart-9131,The Faithful Heart,,,Monckton Hoffe,Max MarcinandFrederick Stanhope,"Oct 10, 1922","Oct 10, 1922",Nov 1922,2025-06-26,Creative Team and Performance Data
https://www.ibdb.com/broadway-production/wild-oats-lane-9106,Wild Oats Lane,Lillian Trimble Bradley,,George Broadhurst,George Broadhurst,"Sep 06, 1922","Sep 06, 1922",Sep 1922,2025-06-26,Creative Team and Performance Data
https://www.ibdb.com/broadway-production/marjolaine-12749,Marjolaine,,Brian Hooker,Catherine Chisholm Cushing,Russell Janney,"Jan 24, 1922","Jan 24, 1922","May 20, 1922",2025-06-26,Creative Team and Performance Data
https://www.ibdb.com/broadway-production/the-claw-12663,The Claw,,,Henri Bernstein,Arthur Hopkins,"Oct 17, 1921","Oct 17, 1921",Jan 1922,2025-06-26,Creative Team and Performance Data
https://www.ibdb.com/broadway-production/beware-of-dogs-12648,Beware of Dogs,,,William Hodge,Lee Shubert,"Oct 03, 1921","Oct 03, 1921",Dec 1921,2025-06-26,Creative Team and Performance Data
https://www.ibdb.com/broadway-production/tarzan-of-the-apes-12622,Tarzan of the Apes,,,Major Herbert WoodgateandArthur Gibbons,George Broadhurst,"Sep 07, 1921","Sep 07, 1921",Sep 1921,2025-06-26,Creative Team and Performance Data
https://www.ibdb.com/broadway-production/the-servant-in-the-house-9066,The Servant in the House,Walter Hampden,,Charles Rann Kennedy,Walter Hampden,"May 02, 1921","May 02, 1921",May 1921,2025-06-26,Creative Team and Performance Data
https://www.ibdb.com/broadway-production/macbeth-9061,Macbeth,Walter Hampden,,William Shakespeare,Walter Hampden,"Apr 19, 1921","Apr 19, 1921",Apr 1921,2025-06-26,Creative Team and Performance Data
https://www.ibdb.com/broadway-production/when-we-are-young-9004,When We Are Young,,,Kate McLaurin,Messrs. Shubert (Lee and J. J.),"Nov 22, 1920","Nov 22, 1920",Dec 1920,2025-06-26,Creative Team and Performance Data
https://www.ibdb.com/broadway-production/the-guest-of-honor-8984,The Guest of Honor,William Hodge,,William Hodge,Lee Shubert,"Sep 20, 1920","Sep 20, 1920",Nov 1920,2025-06-26,Creative Team and Performance Data
https://www.ibdb.com/broadway-production/come-seven-8892,Come Seven,,,Octavus Roy Cohen,George Broadhurst,"Jul 19, 1920","Jul 19, 1920",Sep 1920,2025-06-26,Creative Team and Performance Data
https://www.ibdb.com/broadway-production/smilin-through-6752,Smilin' Through,,,Allan Langdon Martin,The Selwyns,"Dec 30, 1919","Dec 30, 1919",May 1920,2025-06-26,Creative Team and Performance Data
https://www.ibdb.com/broadway-production/the-crimson-alibi-6666,The Crimson Alibi,Lillian Trimble Bradley,,George Broadhurst,George Broadhurst,"Jul 17, 1919","Jul 17, 1919",Aug 1919,2025-06-26,Creative Team and Performance Data
https://www.ibdb.com/broadway-production/39-east-8856,39 East,,,Rachel Crothers,Messrs. Shubert (Lee and J. J.),"Mar 31, 1919","Mar 31, 1919",Closing date unknown,2025-06-26,Creative Team and Performance Data
https://www.ibdb.com/broadway-production/the-kiss-burglar-8850,The Kiss Burglar,Edward P. Temple,Glen MacDonough,Glen MacDonough,,"Mar 17, 1919","Mar 17, 1919","Apr 05, 1919",2025-06-26,Creative Team and Performance Data
https://www.ibdb.com/broadway-production/the-melting-of-molly-8814,The Melting of Molly,,Cyrus Wood,Maria Thompson Davies,Messrs. Shubert (Lee and J. J.),"Dec 30, 1918","Dec 30, 1918","Mar 15, 1919",2025-06-26,Creative Team and Performance Data
https://www.ibdb.com/broadway-production/ladies-first-8787,Ladies First,,Harry B. Smith,Harry B. Smith,H. H. Frazee,"Oct 24, 1918","Oct 24, 1918","Mar 15, 1919",2025-06-26,Creative Team and Performance Data
https://www.ibdb.com/broadway-production/maytime-7850,Maytime,,Rida Johnson Young,Rida Johnson Young,Messrs. Shubert (Lee and J. J.),"Aug 16, 1917","Aug 16, 1917","Oct 19, 1918",2025-06-26,Creative Team and Performance Data
https://www.ibdb.com/broadway-production/he-didnt-want-to-do-it-8327,He Didn't Want to Do It,,George Broadhurst,George Broadhurst,George Broadhurst,"Aug 20, 1918","Aug 20, 1918","Sep 07, 1918",2025-06-26,Creative Team and Performance Data
https://www.ibdb.com/broadway-production/maytime-7850,Maytime,,,,,,,,2025-06-26,Creative Team and Performance Data
https://www.ibdb.com/broadway-production/follow-the-girl-8681,Follow the Girl,,Henry Blossom,Henry Blossom,Raymond HitchcockandE. Ray Goetz,"Mar 02, 1918","Mar 02, 1918","Mar 23, 1918",2025-06-26,Creative Team and Performance Data
https://www.ibdb.com/broadway-production/the-madonna-of-the-future-8659,The Madonna of the Future,Oliver MoroscoandFranklin Underwood,,Alan Dale,Oliver Morosco,"Jan 28, 1918","Jan 28, 1918",Mar 1918,2025-06-26,Creative Team and Performance Data
https://www.ibdb.com/broadway-production/lord-and-lady-algy-8639,Lord and Lady Algy,,,R.C. Carton,,"Dec 22, 1917","Dec 22, 1917",Jan 1918,2025-06-26,Creative Team and Performance Data
https://www.ibdb.com/broadway-production/her-regiment-8613,Her Regiment,,William Le Baron,William Le Baron,Joe Weber,"Nov 12, 1917","Nov 12, 1917","Dec 29, 1917",2025-06-26,Creative Team and Performance Data
https://www.ibdb.com/broadway-production/misalliance-8582,Misalliance,,,George Bernard Shaw,William Faversham,"Sep 27, 1917","Sep 27, 1917",Nov 1917,2025-06-26,Creative Team and Performance Data
